CRIM,ZN,INDUS,CHAS,NOX,RM,AGE,DIS,RAD,TAX,PTRATIO,B,LSTAT
1.311133891250271,-0.4791411204508302,1.0854465121339265,-0.27288841145490766,0.48925206294731566,-1.428068575799001,1.0484218298531278,-0.8021729623485582,1.7068914281359044,1.5784344438699722,0.8453428147466576,-0.07433688728703586,1.7918427079440151
-0.320130521444202,-0.4791411204508302,-0.40091152543115005,-0.27288841145490766,-0.15723342278775473,-0.6800865515280013,-0.4466983592574905,0.3243489253566458,-0.624359880068644,-0.5846478824032391,1.2047413910767284,0.4301838016139499,-0.5705849559510148
-0.38729492014470274,-0.4791411204508302,-0.7113156135973508,-0.27288841145490766,-1.0087228586046046,-0.40206304439330853,-1.6633157680435822,1.3306972032887188,-0.9740475762993263,-0.602723779280174,-0.6371763126148832,0.0652974689605927,-0.6625529428666365
0.4076864403854285,-0.4791411204508302,1.0854465121339265,-0.27288841145490766,0.48925206294731566,-0.3004503920395121,0.29719722503039114,-0.8392398028923426,1.7068914281359044,1.5784344438699722,0.8453428147466576,-3.8681925054293442,1.5590487410638478
-0.3089793253243561,-0.4791411204508302,-0.40091152543115005,-0.27288841145490766,-0.15723342278775473,-0.8310942432204477,0.029687975508147717,-0.005494278012061597,-0.624359880068644,-0.5846478824032391,1.2047413910767284,0.37911939725401034,-0.16678801339961383
-0.3694820146468897,-0.4791411204508302,-0.5143284037995697,-0.27288841145490766,-0.5400208814466786,0.1624516909055603,-1.9784636510423887,0.7552920537573229,-0.5077973146584166,-0.7051538615828051,0.5757938824991058,0.4089707514087503,-1.057727886644698
-0.3867340175860884,-0.4791411204508302,-0.841148092782252,-0.27288841145490766,-0.35288034610231583,-0.3935953233638252,-1.2528906180916475,1.0227934353242536,-0.5077973146584166,-1.0847476959984383,0.8453428147466576,0.44418004092459684,-0.6366869465466178
-0.3888937757208741,3.2158299274453093,-1.5052337621762872,-0.27288841145490766,-1.2460510829731375,0.09470992266969605,-1.2089164948825115,2.527218574403604,-0.8574850108890988,-0.5484960886493693,-0.457477024449847,0.44418004092459684,-0.9585749007512935
1.328561530344187,-0.4791411204508302,1.0854465121339265,-0.27288841145490766,1.5610569471923015,-0.23129733696540025,1.1473636070736837,-0.8897897654083273,1.7068914281359044,1.5784344438699722,0.8453428147466576,-3.7938374840915308,2.0131406764597295
-0.36247299893717455,-0.4791411204508302,1.0854465121339265,-0.27288841145490766,0.3446434674539444,0.7566034498076196,1.1473636070736837,-1.1005868674615091,1.7068914281359044,1.5784344438699722,0.8453428147466576,-1.934524568167741,1.054661812823486
-0.38698670702158533,-0.4791411204508302,-0.841148092782252,-0.27288841145490766,-0.35288034610231583,-0.008314016522347985,-1.1063102073945281,1.2450535400297595,-0.5077973146584166,-1.0847476959984383,0.8453428147466576,0.3621708262137734,-0.8177489207867479
-0.3834173271031304,-0.4791411204508302,-1.2485534585003906,-0.27288841145490766,-0.58255282129767,-0.24258763167137762,-0.2378212740140952,-0.5685907935479294,-0.7409224454788714,-1.2715319637267657,-0.232852914243553,0.44418004092459684,-0.42975897598646934
-0.3444940889447413,-0.4791411204508302,-0.6904230307400104,-0.27288841145490766,-0.4464506137744972,1.1955136565024898,0.41079704332065853,-0.2783513247526189,-0.15810961842773427,-0.5846478824032391,-0.4125522024085892,0.17278421304157848,-0.8737919128134547
1.1853557417428122,-0.4791411204508302,1.0854465121339265,-0.27288841145490766,1.3313844719969472,-0.1522652740235586,0.9641380937022843,-0.7450928466822742,1.7068914281359044,1.5784344438699722,0.8453428147466576,-2.7954026313921587,0.3922049070718988
-0.38375726804774524,-0.4791411204508302,-1.2485534585003906,-0.27288841145490766,-0.58255282129767,2.0451083331272857,0.5353903924132097,-0.501363101763195,-0.7409224454788714,-1.2715319637267657,-0.232852914243553,0.4295277278962633,-0.7013519373466643
-0.29597771732932393,-0.4791411204508302,-0.40091152543115005,-0.27288841145490766,-0.15723342278775473,-1.0117389585160856,0.6233386388314817,0.3036779369672098,-0.624359880068644,-0.5846478824032391,1.2047413910767284,-0.5779828112311064,0.5847628796764818
-0.37158398282109095,-0.4791411204508302,-0.1696007866534526,-0.27288841145490766,0.24256681181156475,-0.8593199799853917,-0.5383111159431901,-0.6701605137705681,-0.39123474924818913,-0.07852276984906148,0.3960945943340696,0.44418004092459684,-0.06188702832398287
-0.38188079403347175,-0.4791411204508302,-0.8799486038030272,-0.27288841145490766,-1.092936099509568,0.2330160328179186,-1.8392122608801253,1.1189135313351317,-0.39123474924818913,-0.6268249751160871,-0.7719507787386584,0.25293455221895705,-0.8737919128134547
-0.3678706945694158,0.4772043272399352,-0.7411621605364086,-0.27288841145490766,-1.067416935598973,-1.020206679545569,0.28620369422810676,1.9481020428659235,-0.2746721838379617,-0.44606600634673804,0.35116977229281177,0.17726738344577042,0.00852596165828995
-0.3753244663483353,0.4772043272399352,-0.7411621605364086,-0.27288841145490766,-1.067416935598973,0.24148375384740195,-2.0407603255886646,1.6858623674344857,-0.2746721838379617,-0.44606600634673804,0.35116977229281177,0.43740061250850204,-0.9398939034090578
7.941194767273729,-0.4791411204508302,1.0854465121339265,-0.27288841145490766,1.0421672810102056,-0.506498270423599,1.1473636070736837,-0.9422189086869881,1.7068914281359044,1.5784344438699722,0.8453428147466576,-3.7158740573064413,1.1753697956502391
-0.3741142765855067,-0.4791411204508302,-0.12184631155096012,-0.27288841145490766,-0.08067593105596998,-0.41617591277578,0.5097388205412138,-0.49835641254291346,-0.39123474924818913,0.168514487469049,-0.232852914243553,0.41804643783674794,-0.3076139933641592
-0.3751884899704893,-0.4791411204508302,-0.5844677891063553,-0.27288841145490766,-0.9228083401056019,-0.2073054607151991,-2.2752889827040557,0.8985795869113693,-0.7409224454788714,-1.0305200053676336,-0.18792809220229514,0.29623541758627164,-0.9528269015690671
-0.35143341676081047,-0.4791411204508302,-0.5143284037995697,-0.27288841145490766,-0.5400208814466786,-0.38795017601083587,-0.6885560369077377,0.42887835528049917,-0.5077973146584166,-0.7051538615828051,0.5757938824991058,0.44418004092459684,-0.6812339402088721
-0.3891034059700532,3.2158299274453093,-0.9963501368653523,-0.27288841145490766,-1.0844297115393697,0.2824110721565698,-1.5020773162767505,2.2207711715302128,-0.624359880068644,-0.3195347282081937,-0.18792809220229514,0.3953025489569464,-0.8737919128134547
-0.38090742979539155,-0.4791411204508302,-1.2485534585003906,-0.27288841145490766,-0.58255282129767,1.1842233617965123,0.8615318062143007,-0.5203428274662227,-0.7409224454788714,-1.2715319637267657,-0.232852914243553,0.41378195867178524,-1.0950898813291692
0.009342508349379884,-0.4791411204508302,1.3063109594829534,3.664501525251617,2.6753937712882787,-0.23129733696540025,0.29719722503039114,-0.9690442140741881,-0.5077973146584166,-0.006219182341321825,-1.6255223975225765,-2.933396803345571,0.3706499101385499
-0.3871680088587132,0.3902638319953202,-1.1187209793154893,-0.27288841145490766,-0.9661909187536132,2.122729109230881,-0.1535375378632516,0.4164757622468376,-0.5077973146584166,-1.1329500876702647,-1.5356727534400585,0.3393175917143575,-1.2474118596581676
-0.3473303295593104,-0.4791411204508302,2.2121536590833566,-0.27288841145490766,0.20854125993077152,-0.991980942780625,0.29719722503039114,-0.9635476103433608,-0.8574850108890988,-1.3016584585216573,0.35116977229281177,0.03293116555472126,2.1295376598998135
-0.3836031614861865,-0.4791411204508302,-1.1321519254380652,-0.27288841145490766,-0.8207316844632222,0.02414558075733776,-1.886850894356689,0.6607222818756525,-0.624359880068644,0.1564638895510924,-0.6371763126148832,0.2070093919808954,-0.7329659328489092
-0.23771410569531948,-0.4791411204508302,-0.40091152543115005,-0.27288841145490766,-0.15723342278775473,-0.344200284025174,1.1473636070736837,0.17232320165615622,-0.624359880068644,-0.5846478824032391,1.2047413910767284,0.22362992616228938,0.08612395061834556
-0.3660531436522089,-0.4791411204508302,-0.12184631155096012,-0.27288841145490766,-0.08067593105596998,-0.3159745472602312,0.9787961347719965,-0.5920335735623127,-0.39123474924818913,0.168514487469049,-0.232852914243553,0.44418004092459684,0.6681088678187637
-0.1270893903623048,-0.4791411204508302,-0.1696007866534526,-0.27288841145490766,2.6753937712882787,-1.5946004227121675,0.9201639704931484,-1.0704729957396262,-0.5077973146584166,-0.006219182341321825,-1.6255223975225765,0.007781673043401942,2.2818596382288114
0.3389764435234127,-0.4791411204508302,1.0854465121339265,-0.27288841145490766,0.23406042384136644,0.15398396987607696,0.22390701968183088,-0.7553343818388584,1.7068914281359044,1.5784344438699722,0.8453428147466576,-2.8247072574488263,-0.05901302873286975
-0.3874762219818306,-0.4791411204508302,-0.841148092782252,-0.27288841145490766,-0.35288034610231583,-0.3625470129223871,-1.150284330603664,0.4716766971504454,-0.5077973146584166,-1.0847476959984383,0.8453428147466576,0.4358697738339002,-0.5648369567687885
-0.3895997197491907,3.867883641779922,-1.4186787760530197,-0.27288841145490766,-1.2375446950029392,0.7057971236307208,-1.0330200020459683,2.1218792838943874,-0.5077973146584166,-0.8919381293111326,-1.445823109357541,0.4004417930788243,-1.2201088635425925
-0.38959178779381637,2.129073736887621,-1.1784140731936048,-0.27288841145490766,-1.3226085747049219,0.40660431392232094,-1.8282187300778416,1.132866448498001,-0.9740475762993263,-0.8377104386803278,-1.221198999151247,0.22330188930344577,-1.1583178723336593
-0.30620767348926387,-0.4791411204508302,-0.40091152543115005,-0.27288841145490766,-0.15723342278775473,-0.5530707360857549,0.9311575012954322,0.27783920148041474,-0.624359880068644,-0.5846478824032391,1.2047413910767284,0.4160782166836881,0.5545858839697934
-0.3023618082691889,-0.4791411204508302,-0.40091152543115005,-0.27288841145490766,-0.15723342278775473,-0.4599258047614418,0.4767582281343622,0.21126922296261683,-0.624359880068644,-0.5846478824032391,1.2047413910767284,0.33319423701594936,0.32035491729406945
-0.3838955106985552,2.563776213110696,-1.281384660133354,-0.27288841145490766,-1.3311149626751202,0.04108102281630319,-1.7805800966012775,1.8883910741318928,-0.5077973146584166,-0.27735763549534553,-1.580597575481317,0.13079549510963714,-1.0735348843958206
-0.38626036653659185,2.998478689333772,-1.1127516699276776,-0.27288841145490766,-1.3481277386155168,-0.7464170329256179,-1.377483967184199,1.316979183721184,-0.624359880068644,-0.4038889136338899,-0.9965748889449524,0.44418004092459684,-0.3162359921374988
-0.3486413684690413,-0.4791411204508302,-0.035291325427692616,3.664501525251617,-0.5740464333274717,-1.2869398919742843,0.7296094365868929,-0.06727234558503556,-0.624359880068644,-0.7654068511725882,0.12654566208651774,0.4260286680686016,1.6582017269572524
4.314602787840171,-0.4791411204508302,1.0854465121339265,-0.27288841145490766,1.161256712592981,-1.107706463516894,0.6123451080291977,-1.0339229299055777,1.7068914281359044,1.5784344438699722,0.8453428147466576,-0.29324681775512773,2.146781657446492
-0.386356683137566,0.7380258129737803,0.6287943439663424,-0.27288841145490766,-0.786706132582429,-0.09440251365542533,0.31551977636753054,-0.09076210511848566,-0.624359880068644,-0.8075839438854363,-0.05315362607851843,0.44418004092459684,-0.2659409992930183
-0.23101386967696272,-0.4791411204508302,1.3063109594829534,3.664501525251617,2.6753937712882787,-0.263756934245086,1.000783196376564,-0.967212012830579,-0.5077973146584166,-0.006219182341321825,-1.6255223975225765,-0.3855345207097077,0.3850199080941158
0.7106599404098085,-0.4791411204508302,1.0854465121339265,-0.27288841145490766,1.5610569471923015,0.12716951994938053,1.0447573195857,-0.8188976711363746,1.7068914281359044,1.5784344438699722,0.8453428147466576,0.32455593306640906,-0.14523301646626496
-0.27921976189629866,-0.4791411204508302,-0.40091152543115005,-0.27288841145490766,-0.15723342278775473,-0.7097235751311918,1.1473636070736837,0.1348335454407699,-0.624359880068644,-0.5846478824032391,1.2047413910767284,0.4183744746955915,1.0690318107790515
-0.33151401054286805,-0.4791411204508302,-0.6904230307400104,-0.27288841145490766,-0.4464506137744972,3.3999436978445696,0.5243968616109259,-0.4292965195145698,-0.15810961842773427,-0.5846478824032391,-0.4125522024085892,0.2812550676990945,-1.1223928774447445
0.2411890313955332,-0.4791411204508302,1.0854465121339265,-0.27288841145490766,1.3313844719969472,0.16950812509679603,0.7039578647148974,-0.7011200168356555,1.7068914281359044,1.5784344438699722,0.8453428147466576,-2.8002138386551936,0.5430898856053403
0.7333985901950891,-0.4791411204508302,1.0854465121339265,-0.27288841145490766,1.5610569471923015,-0.09157993997893005,1.0227702579811317,-0.756461890296464,1.7068914281359044,1.5784344438699722,0.8453428147466576,0.35254841168770346,0.5747038811075856
-0.3878399587925684,-0.4791411204508302,-1.2903386242150714,-0.27288841145490766,-0.8377444604036188,0.16104040406731268,-0.3660791333740747,1.0589206854867,-0.7409224454788714,-1.096798293916395,0.17147048412777557,0.41378195867178524,-1.0390468893024625
-0.37631256136068214,-0.4791411204508302,-0.12184631155096012,-0.27288841145490766,-0.08067593105596998,-0.19742645284746813,0.1396232835309873,-0.506483869341487,-0.39123474924818913,0.168514487469049,-0.232852914243553,0.404815617863402,-0.14523301646626496
-0.37179814561619823,-0.4791411204508302,-0.5844677891063553,-0.27288841145490766,-0.9228083401056019,-0.8946021509415703,-1.2785421899636435,0.6070716711012522,-0.7409224454788714,-1.0305200053676336,-0.18792809220229514,0.44418004092459684,-0.3205469915241685
-0.2717977179388765,-0.4791411204508302,-0.40091152543115005,-0.27288841145490766,-0.15723342278775473,-0.537546580865037,-1.443445151997903,0.3243489253566458,-0.624359880068644,-0.5846478824032391,1.2047413910767284,0.3342876932120939,-0.8421779173112098
1.3737170191538466,-0.4791411204508302,1.0854465121339265,-0.27288841145490766,0.2000348719605732,-0.5502481624092609,0.08465562951956751,-0.4227193868452038,1.7068914281359044,1.5784344438699722,0.8453428147466576,0.1362627760903587,0.8175568465566486
0.12343915386339326,-0.4791411204508302,1.0854465121339265,-0.27288841145490766,1.8162485862982507,0.11587922524340316,0.7076223749823252,-0.6060334702442489,1.7068914281359044,1.5784344438699722,0.8453428147466576,0.19990192670595763,-0.6683009420488628
-0.387554408399092,-0.4791411204508302,-1.2903386242150714,-0.27288841145490766,-0.8377444604036188,0.9626513281917064,-0.8388009578722851,1.0589206854867,-0.7409224454788714,-1.096798293916395,0.17147048412777557,0.41935858527212116,-1.365245842893808
7.305131265805067,-0.4791411204508302,1.0854465121339265,-0.27288841145490766,1.161256712592981,-0.8931908641033238,1.1473636070736837,-1.1194256546073362,1.7068914281359044,1.5784344438699722,0.8453428147466576,0.31373071672458086,1.5145017474015938
-0.3843702948845338,-0.4791411204508302,-1.2485534585003906,-0.27288841145490766,-0.58255282129767,-0.22988605012715385,0.004036403636151707,-0.24828443254980267,-0.7409224454788714,-1.2715319637267657,-0.232852914243553,0.337130679322069,0.10193094836946819
-0.37430237724152693,0.6076150701068578,-0.8501020568639694,-0.27288841145490766,-0.8802764002546104,-0.8113362274849881,-0.09124086331697573,1.605386451272885,-0.15810961842773427,-0.72322975845974,0.6207187045403636,0.42460717501361406,0.10193094836946819
-0.37899242914072845,-0.4791411204508302,-0.33823377685912875,-0.27288841145490766,-0.31034840625132426,-0.1706120029207717,-0.5236530748734783,-0.48407463874657564,-0.5077973146584166,-0.12069986256190961,1.159816569035469,0.4068931846360761,0.08037595143611932
-0.3706457458139542,-0.4791411204508302,-0.5143284037995697,-0.27288841145490766,-0.5400208814466786,0.08483091480196632,-0.5273175851409063,0.3439863643266103,-0.5077973146584166,-0.7051538615828051,0.5757938824991058,0.44418004092459684,-0.8005049232400688
-0.30492043044565603,0.3902638319953202,-1.0232120291105042,-0.27288841145490766,0.7699628659638598,-1.0667791452077262,-0.2158342124095275,-0.8558235731229583,-0.5077973146584166,-0.8437357376393062,-2.389244372223976,0.39497451209810275,-0.2860589964308106
-0.27763110454846573,-0.4791411204508302,-0.40091152543115005,-0.27288841145490766,-0.15723342278775473,0.5053943925996233,0.6819708031103292,0.2023900938589725,-0.624359880068644,-0.5846478824032391,1.2047413910767284,0.2619008930273403,-0.06619802771065254
-0.36247299893717455,0.3902638319953202,-1.0232120291105042,-0.27288841145490766,0.7699628659638598,2.9384529017377448,0.8358802343423047,-0.7139454255409192,-0.5077973146584166,-0.8437357376393062,-2.389244372223976,0.33439703883170824,-0.9384569036135012
0.7683161908894346,-0.4791411204508302,1.0854465121339265,-0.27288841145490766,0.48925206294731566,-0.18472487130324436,1.0264347682485602,-0.7693812580398616,1.7068914281359044,1.5784344438699722,0.8453428147466576,0.25610557518777516,0.803186848601083
-0.3150857978261191,-0.4791411204508302,-0.40091152543115005,-0.27288841145490766,-0.15723342278775473,-0.7097235751311918,0.7919061111331688,0.4105093633253414,-0.624359880068644,-0.5846478824032391,1.2047413910767284,0.2252701104565056,0.34047291443186173
-0.37484288334346433,0.0642369748280138,-0.4412043637988781,-0.27288841145490766,-0.27632285437053106,-0.20307160020045742,1.0044477066439919,1.0064445626889724,-0.5077973146584166,-0.5605466865673259,-1.4008982873162825,0.44418004092459684,0.9641308257034205
-0.37860829587331374,-0.4791411204508302,2.5240500745965098,-0.27288841145490766,0.44672012309632414,-0.4698048126291728,0.5427194129480658,-0.7978508465944032,-0.624359880068644,1.849572897023996,0.8004179927053998,0.44418004092459684,0.13067094428059983
-0.37671595794829166,-0.4791411204508302,-0.33823377685912875,-0.27288841145490766,-0.31034840625132426,0.22313702495018886,1.0410928093182719,-0.646107000008315,-0.5077973146584166,-0.12069986256190961,1.159816569035469,0.4260286680686016,-0.024525033639511622
-0.3821414154243431,-0.4791411204508302,-0.7262388870668798,-0.27288841145490766,-0.4889825536254887,-0.6575059621160465,-0.9963748993716885,0.05919651974306028,-0.5077973146584166,-0.7533562532546316,0.3960945943340696,0.44418004092459684,-0.5274749620843172
-0.25257405752091233,-0.4791411204508302,1.3063109594829534,-0.27288841145490766,0.4126945712155309,0.8850305520881112,1.0520863401205562,-0.9071252079440135,-0.5077973146584166,-0.006219182341321825,-1.6255223975225765,0.07820025207509566,-1.1281408766269707
0.013157778884439437,-0.4791411204508302,1.0854465121339265,-0.27288841145490766,0.2000348719605732,0.17091941193504365,0.23123604021668698,-0.4283099496141649,1.7068914281359044,1.5784344438699722,0.8453428147466576,0.4055810372007029,0.27580792363181517
-0.376425875008887,-0.4791411204508302,-0.12184631155096012,-0.27288841145490766,-0.08067593105596998,-0.6264576516746084,0.16161034513555503,-0.6251541345044774,-0.39123474924818913,0.168514487469049,-0.232852914243553,-0.19297688456869405,0.42094490298303044
-0.37509670591544336,-0.4791411204508302,-0.12184631155096012,-0.27288841145490766,-0.08067593105596998,-0.08734607946418962,0.5683709848200619,-0.7289788716423273,-0.39123474924818913,0.168514487469049,-0.232852914243553,0.35495401531922127,-0.2860589964308106
-0.38367114967510946,-0.4791411204508302,-1.0112734103348813,-0.27288841145490766,-0.39541228595330735,0.32474967730398524,-1.3041937618356394,-0.3175322436544139,-0.5077973146584166,-0.6509261709520004,-0.7719507787386584,0.3792287428736247,-1.0218028917557833
-0.36247299893717455,1.4770200225530081,-1.1023053784990076,-0.27288841145490766,-1.0163786077777832,1.2166829590761967,-1.5533804600207426,1.255107157110076,-0.5077973146584166,-0.036345677136213346,-1.4008982873162825,0.37408949875174674,-1.3753048414627036
-0.37823662710720163,0.3902638319953202,-0.5770061523715909,-0.27288841145490766,-0.786706132582429,0.3134593825980079,-0.3660791333740747,0.05135094005888785,-0.7409224454788714,-1.0907729949574165,0.12654566208651774,0.4229669907193972,-0.6769229408222023
-0.0762398907303481,-0.4791411204508302,1.3063109594829534,-0.27288841145490766,2.6753937712882787,-1.9939945979361176,1.0667443811902677,-1.1567743722655222,-0.5077973146584166,-0.006219182341321825,-1.6255223975225765,0.44418004092459684,2.4212486183978004
0.8674769644335577,-0.4791411204508302,1.0854465121339265,-0.27288841145490766,0.9485970133380243,-1.9897607374213757,1.1473636070736837,-1.23743820650339,1.7068914281359044,1.5784344438699722,0.8453428147466576,0.44418004092459684,3.208724506362811
0.5144346958133529,-0.4791411204508302,1.0854465121339265,-0.27288841145490766,1.2208014283843691,-1.123230618737613,1.1473636070736837,-1.0688287125722848,1.7068914281359044,1.5784344438699722,0.8453428147466576,0.44418004092459684,-0.14523301646626496
0.6266695980873596,-0.4791411204508302,1.0854465121339265,3.664501525251617,1.8162485862982507,-0.14662012667057053,1.0520863401205562,-0.7920723657491746,1.7068914281359044,1.5784344438699722,0.8453428147466576,0.2345644881237325,0.7413958573921497
-0.38427964396596986,1.2596687844414705,-0.6590841564539998,3.664501525251617,-0.9313147280758002,0.7199099920131922,-1.5057418265441787,0.49544833379829706,-0.624359880068644,-0.9039887272290892,-0.3227025583260703,0.4064558021576182,-0.14523301646626496
-0.3506458869057863,-0.4791411204508302,-0.6904230307400104,3.664501525251617,-0.42093144986390224,0.8963208467940885,0.7259449263194652,-0.4446588222494463,-0.15810961842773427,-0.5846478824032391,-0.4125522024085892,0.3873203187250927,-0.39239698130199785
0.3699869896276525,-0.4791411204508302,1.0854465121339265,-0.27288841145490766,1.3313844719969472,0.6112409054681601,0.8761898472840124,-0.6974556143484372,1.7068914281359044,1.5784344438699722,0.8453428147466576,-3.892248541744519,0.7184038606632444
-0.2066752311790285,-0.4791411204508302,1.651038576629071,-0.27288841145490766,0.5743159426492987,-1.8302853246994448,1.1473636070736837,-1.1128485219379702,-0.624359880068644,0.19864098226394053,1.2945910351592456,0.44418004092459684,3.1569925137227726
-0.36247299893717455,-0.4791411204508302,1.0854465121339265,3.664501525251617,0.6338606584406868,0.5180959741438471,1.030099278515988,-1.1517005842062968,1.7068914281359044,1.5784344438699722,0.8453428147466576,0.20832153941626863,-1.2517228590448373
-0.3846626440969025,0.0642369748280138,-0.7098232862503979,-0.27288841145490766,-1.2545574709433358,-0.6179899306451251,-1.7329414631247138,1.263657429580252,-0.624359880068644,-0.35568652196206346,0.2613201282102929,0.4366351931712011,-0.6237539483866086
0.04354396678707008,-0.4791411204508302,1.0854465121339265,-0.27288841145490766,1.8162485862982507,-0.09157993997893005,0.8212221932725926,-0.7106568592062361,1.7068914281359044,1.5784344438699722,0.8453428147466576,-0.06154344979214784,0.25137892710735316
-0.1305556548608932,-0.4791411204508302,1.3063109594829534,-0.27288841145490766,0.4126945712155309,0.0043875650218770336,1.0044477066439919,-0.8025018189820263,-0.5077973146584166,-0.006219182341321825,-1.6255223975225765,-0.6471985884470418,-0.19265400971963237
-0.3710718051312047,-0.4791411204508302,-0.1696007866534526,-0.27288841145490766,0.24256681181156475,-1.0540775636635011,0.17626838620526716,-0.6616102413003921,-0.39123474924818913,-0.07852276984906148,0.3960945943340696,0.4318239859081662,0.3821459085030027
-0.36247299893717455,-0.4791411204508302,1.0854465121339265,-0.27288841145490766,1.161256712592981,-0.6052883491009013,0.9531445629000004,-0.9518497100957025,1.7068914281359044,1.5784344438699722,0.8453428147466576,0.44418004092459684,0.5617708829475764
2.446842593113696,-0.4791411204508302,1.0854465121339265,-0.27288841145490766,1.161256712592981,-0.46415966527618346,1.1473636070736837,-1.042661120452021,1.7068914281359044,1.5784344438699722,0.8453428147466576,0.44418004092459684,2.0591246699175403
-0.38874420170524365,2.129073736887621,-1.1784140731936048,-0.27288841145490766,-1.3226085747049219,0.683216534218766,0.29719722503039114,1.132866448498001,-0.9740475762993263,-0.8377104386803278,-1.221198999151247,0.4055810372007029,-1.064912885622481
-0.3696100590693613,0.4772043272399352,-0.7411621605364086,-0.27288841145490766,-1.067416935598973,0.5674910134824982,-1.8758573635544054,1.8877803403840236,-0.2746721838379617,-0.44606600634673804,0.35116977229281177,0.4096268251264369,-0.8450519169023231
-0.36134949411522277,-0.4791411204508302,-0.33823377685912875,-0.27288841145490766,-0.31034840625132426,-0.12262825042036815,0.8248867035400209,-0.5933959796152528,-0.5077973146584166,-0.12069986256190961,1.159816569035469,0.38218107460321477,0.44681089930304924
0.865131371915716,-0.4791411204508302,1.0854465121339265,-0.27288841145490766,1.3739164118479386,0.13422595414061625,1.1473636070736837,-0.9157694394523231,1.7068914281359044,1.5784344438699722,0.8453428147466576,-0.4103559763621834,0.3706499101385499
-0.12161067547159701,-0.4791411204508302,1.3063109594829534,-0.27288841145490766,2.6753937712882787,-0.26234564740683836,1.1473636070736837,-1.122385364308551,-0.5077973146584166,-0.006219182341321825,-1.6255223975225765,-2.005052492819049,2.207135648859869
-0.3864597985574325,-0.4791411204508302,0.6287943439663424,-0.27288841145490766,-0.786706132582429,0.17797584612627937,-0.5529691570129021,-0.0668495299134334,-0.624359880068644,-0.8075839438854363,-0.05315362607851843,0.42351371881746946,-0.615131949613269
-0.26356548139678937,-0.4791411204508302,1.3063109594829534,-0.27288841145490766,2.6753937712882787,-1.840164332567176,0.7076223749823252,-1.0326075033717044,-0.5077973146584166,-0.006219182341321825,-1.6255223975225765,-0.14213117144798373,-0.04608003057286049
-0.3205645127168269,-0.4791411204508302,-0.6904230307400104,3.664501525251617,-0.42093144986390224,0.7947081944402922,0.3301778174372427,-0.2518548759988871,-0.15810961842773427,-0.5846478824032391,-0.4125522024085892,0.3729960425556022,-0.3607829857997531
-0.384973123492984,0.9553770510853179,-1.2903386242150714,-0.27288841145490766,-0.718655028820843,1.2985375956945324,-1.0110329404414005,0.10044453748379886,-0.2746721838379617,-1.096798293916395,0.03669601800399886,0.4089707514087503,-0.7918829244667294
-0.38719860354372854,0.6076150701068578,-0.8903948952316973,-0.27288841145490766,-1.1099488754499647,-0.21012803439169314,-0.8058203654654331,0.748151166859154,-0.624359880068644,-0.741305655336675,0.3062449502515523,0.37572968304596294,-0.7085369363244473
-0.3725947405630788,0.4772043272399352,-0.7411621605364086,-0.27288841145490766,-1.067416935598973,0.16527426458205435,-0.7178721190471615,1.8877803403840236,-0.2746721838379617,-0.44606600634673804,0.35116977229281177,0.20154211100017386,-0.4196999774175732
-0.05989326384030672,-0.4791411204508302,1.3063109594829534,-0.27288841145490766,0.4126945712155309,-0.3032729657160062,0.8908478883537245,-0.7163413810133311,-0.5077973146584166,-0.006219182341321825,-1.6255223975225765,-1.2697032009119988,-0.37802698334643203
-0.21909667329525154,-0.4791411204508302,1.3063109594829534,3.664501525251617,0.4126945712155309,2.9059933044580606,0.29719722503039114,-0.7733745171605482,-0.5077973146584166,-0.006219182341321825,-1.6255223975225765,0.35178299235040256,-1.3106398506626573
-0.38765299127303027,3.6505324036683846,-1.3962938658487263,-0.27288841145490766,-1.3055957987645253,0.9301917309120207,-1.956476589437821,1.806458792879219,-0.7409224454788714,-0.01224448130030013,-0.5922514905736237,0.44418004092459684,-1.1324518760136406
-0.33876268461853665,-0.4791411204508302,-0.6904230307400104,-0.27288841145490766,-0.4464506137744972,1.5469240792260348,0.3008617352978189,-0.06421867684568706,-0.15810961842773427,-0.5846478824032391,-0.4125522024085892,0.2171785346050376,-1.033298890120236
-0.3822751255292249,-0.4791411204508302,0.2989900002897543,-0.27288841145490766,-1.0163786077777832,-0.0605316295374932,0.29719722503039114,0.20826253374233514,-0.5077973146584166,-0.036345677136213346,0.17147048412777557,0.4225296082409399,-0.8134379214000781
-0.3016581305138364,-0.4791411204508302,-0.1382619123674418,-0.27288841145490766,-0.1061950949665649,-0.2736359421128157,-0.5822852391523261,-0.5486714774635637,-0.624359880068644,-0.602723779280174,0.03669601800399886,0.44418004092459684,-0.9283979050446051
0.1472860111281181,-0.4791411204508302,1.0854465121339265,-0.27288841145490766,1.3313844719969472,0.2951126537007948,0.6526547209709054,-0.644744593955375,1.7068914281359044,1.5784344438699722,0.8453428147466576,-3.3389597064954963,0.8175568465566486
-0.34941643382276294,0.4772043272399352,-0.7411621605364086,-0.27288841145490766,-1.067416935598973,2.742284031221389,-2.209327797890352,2.3952531053446813,-0.2746721838379617,-0.44606600634673804,0.35116977229281177,0.44418004092459684,-1.2790258551604126
-0.37481908747734133,-0.4791411204508302,-0.12184631155096012,-0.27288841145490766,-0.08067593105596998,-0.8254490958674595,-0.1278859659912556,-0.4928128292930192,-0.39123474924818913,0.168514487469049,-0.232852914243553,0.3851334063328042,0.1680329389650711
-0.39019574953874864,3.4331811655568467,-1.172444763805793,-0.27288841145490766,-1.3311149626751202,1.0896671436339516,-1.7549285247292818,1.6438626773886764,-0.9740475762993263,-0.7172044595007617,-1.355973465275023,0.42034269584865136,-0.6596789432755233
-0.36247299893717455,0.9988472987076255,-0.7068386315564922,-0.27288841145490766,-1.0504041596585765,0.2527740485533793,-1.8428767711475533,0.7909025292100335,-0.2746721838379617,-0.45209130530571634,-0.9965748889449524,0.2988597124570181,-0.5418449600398831
-0.0718614513637101,-0.4791411204508302,1.0854465121339265,-0.27288841145490766,-0.2082717506089446,-0.7816992038817977,-1.0403490225808245,0.13628991053184375,1.7068914281359044,1.5784344438699722,0.8453428147466576,0.4006604843180536,-0.29036999581748024
0.045001180302985305,-0.4791411204508302,1.0854465121339265,3.664501525251617,1.8162485862982507,0.11164536472866149,0.8175576830051648,-0.6121408077229461,1.7068914281359044,1.5784344438699722,0.8453428147466576,0.38338387641897304,0.11917494591614713
2.4191487374924145,-0.4791411204508302,1.0854465121339265,-0.27288841145490766,1.161256712592981,-1.3645606680778783,1.000783196376564,-0.9891044687157545,1.7068914281359044,1.5784344438699722,0.8453428147466576,0.44418004092459684,1.053224813027929
-0.35743337443326084,-0.4791411204508302,-0.6904230307400104,-0.27288841145490766,-0.4464506137744972,1.9336166729057596,-1.8941799148915452,-0.20346597135997965,-0.15810961842773427,-0.5846478824032391,-0.4125522024085892,0.23215888449221472,-0.14523301646626496
-0.33069928541227467,0.3902638319953202,-1.0232120291105042,-0.27288841145490766,0.7699628659638598,1.6993430577567288,0.7589255187263172,-0.7838039703934,-0.5077973146584166,-0.8437357376393062,-2.389244372223976,0.35090822739348726,-0.7444619312133619
-0.3332250466307623,-0.4791411204508302,-0.6904230307400104,-0.27288841145490766,-0.42093144986390224,1.4707145899606873,0.10664269112413523,0.15963873150809307,-0.15810961842773427,-0.5846478824032391,-0.4125522024085892,0.36949698272794046,-1.1080228794891784
2.3729281003896285,-0.4791411204508302,1.0854465121339265,-0.27288841145490766,1.2208014283843691,-2.3482275943361564,1.1473636070736837,-1.099788215637372,1.7068914281359044,1.5784344438699722,0.8453428147466576,0.44418004092459684,2.276111639046585
0.16077486781043146,-0.4791411204508302,1.0854465121339265,-0.27288841145490766,0.48925206294731566,0.23724989333266028,0.9128349499582923,-0.7060528663376799,1.7068914281359044,1.5784344438699722,0.8453428147466576,0.4366351931712011,0.896591835312261
-0.380181089310398,-0.4791411204508302,-0.1696007866534526,-0.27288841145490766,-0.4889825536254887,-0.6702075436602704,-0.26713735615351925,-0.2021505448261066,-0.5077973146584166,-0.7533562532546316,0.3960945943340696,0.23270561259028702,-0.14810701605737808
-0.36247299893717455,2.998478689333772,-1.388832229113962,-0.27288841145490766,-1.297089410794327,1.3705132244451383,-1.2675486591613594,1.644661329212814,-0.8574850108890988,-0.45209130530571634,-2.5689436603890115,0.44418004092459684,-1.2014278662003568
-0.3295208234709436,-0.4791411204508302,1.651038576629071,-0.27288841145490766,0.5743159426492987,-0.23270862380364787,1.0704088914576961,-1.0051244847175678,-0.624359880068644,0.19864098226394053,1.2945910351592456,0.44418004092459684,0.8649778398100162
0.16381280671880533,-0.4791411204508302,1.0854465121339265,-0.27288841145490766,0.6338606584406868,-1.8994383797735568,0.29719722503039114,-1.1630696278204866,1.7068914281359044,1.5784344438699722,0.8453428147466576,0.2103991061889428,-1.319261849435997
-0.36894830736384454,0.4772043272399352,-0.7411621605364086,-0.27288841145490766,-1.067416935598973,-0.12686211093510982,0.3851454714486625,1.9953634390472252,-0.2746721838379617,-0.44606600634673804,0.35116977229281177,0.2171785346050376,-0.32916899029750807
-0.3868359998694728,1.8030468797203145,-0.8217478372718645,-0.27288841145490766,-1.2885830228241286,-0.1508539871853122,-1.3701549466493432,1.6485136497762995,-0.39123474924818913,-0.6690020678289353,-0.7719507787386584,0.44418004092459684,-0.7617059287600411
2.288441444288042,-0.4791411204508302,1.0854465121339265,-0.27288841145490766,0.9741161772486192,0.09047606215495438,1.0081122169114203,-1.1378886056006279,1.7068914281359044,1.5784344438699722,0.8453428147466576,0.44418004092459684,1.6165287328861115
-0.3795193376048813,0.6076150701068578,-0.8501020568639694,-0.27288841145490766,-0.8802764002546104,-0.5488368755710145,-0.7874978141282931,1.4675485423305996,-0.15810961842773427,-0.72322975845974,0.6207187045403636,0.44418004092459684,-0.46280997128427065
-0.3797958229065013,-0.4791411204508302,-0.12184631155096012,-0.27288841145490766,-0.08067593105596998,0.5632571529677566,0.4730937178669339,-0.5311950963706766,-0.39123474924818913,0.168514487469049,-0.232852914243553,0.42985576475510634,-0.3277319905019515
-0.38521448156366045,-0.4791411204508302,-1.1067823605398661,-0.27288841145490766,-0.5740464333274717,1.0769655620897267,-0.20484068160724336,-0.18495604084762107,-0.8574850108890988,-0.8075839438854363,-0.232852914243553,0.4349950088769849,-0.9686338993201895
-0.3021918377968816,-0.4791411204508302,-1.0232120291105042,-0.27288841145490766,0.7699628659638598,0.9852319176036612,0.5830290258897735,-0.7870455572090163,-0.5077973146584166,-0.8437357376393062,-2.389244372223976,0.3038896109592817,0.3375989148407484
-0.38121790919147297,0.0642369748280138,-0.4412043637988781,-0.27288841145490766,-0.27632285437053106,-0.428877494320005,-0.0765828222472641,0.823224438328061,-0.5077973146584166,-0.5605466865673259,-1.4008982873162825,0.4299651103747213,-0.0015330369106062026
0.002460970493895206,-0.4791411204508302,1.0854465121339265,3.664501525251617,1.3739164118479386,3.477564473948164,0.5207323513434982,-0.8942528197196827,1.7068914281359044,1.5784344438699722,0.8453428147466576,-0.018898658142519266,-1.0275508909380096
-0.3843374339265544,-0.4791411204508302,0.16468053906399435,-0.27288841145490766,0.14049015616918506,0.9316030177502683,0.8175576830051648,-0.7707906436118687,-0.9740475762993263,-0.7895080470085014,1.2047413910767284,0.44418004092459684,-0.9772558980935292
-0.38974816062833917,1.042317546329933,-1.388832229113962,-0.27288841145490766,-0.9738466679267918,1.3055940298857682,-0.7105430985123057,1.5172998530224469,-0.9740475762993263,-0.72322975845974,-1.2661238211925059,0.42056138708788005,-0.9988108950268779
-0.2390602718359939,-0.4791411204508302,1.3063109594829534,-0.27288841145490766,0.4126945712155309,-0.35266800505465734,1.1473636070736837,-0.9635006308242938,-0.5077973146584166,-0.006219182341321825,-1.6255223975225765,-0.026115469037072004,-0.8637329142445587
-0.20350698157521901,-0.4791411204508302,1.3063109594829534,-0.27288841145490766,2.6753937712882787,-0.2736359421128157,0.29719722503039114,-1.0289431008844863,-0.5077973146584166,-0.006219182341321825,-1.6255223975225765,0.18065709765381782,0.2384459289473439
-0.3850751057763684,-0.4791411204508302,-0.1696007866534526,-0.27288841145490766,-0.39541228595330735,-0.001257582331111028,0.1726038759378394,-0.2305261743425144,-0.5077973146584166,-0.6509261709520004,-0.7719507787386584,0.4299651103747213,-0.883850911382351
0.47812220410960515,-0.4791411204508302,1.0854465121339265,-0.27288841145490766,1.161256712592981,-0.8028685064555048,1.107053994131976,-1.0217082549481835,1.7068914281359044,1.5784344438699722,0.8453428147466576,0.40262870547111346,1.0747798099612782
-0.38180827329862066,-0.4791411204508302,-1.2485534585003906,-0.27288841145490766,-0.58255282129767,-1.00468252432485,0.7735835597960289,-0.3853706691870181,-0.7409224454788714,-1.2715319637267657,-0.232852914243553,0.37966612535208266,0.22120193140066496
-0.3456680183401443,-0.4791411204508302,-0.1382619123674418,-0.27288841145490766,-0.1061950949665649,0.09329863583144841,-0.05459576064269587,-0.12952020834867847,-0.624359880068644,-0.602723779280174,0.03669601800399886,0.425700631209758,-0.2989919945908199
-0.3657392648466813,0.0642369748280138,-0.4412043637988781,-0.27288841145490766,-0.27632285437053106,0.0862422016402127,0.9384865218302882,1.1925774172320318,-0.5077973146584166,-0.5605466865673259,-1.4008982873162825,0.39628665953347597,1.150940799125777
1.8846709216394602,-0.4791411204508302,1.0854465121339265,-0.27288841145490766,1.2208014283843691,-2.749033056398353,0.8248867035400209,-1.1128015424189033,1.7068914281359044,1.5784344438699722,0.8453428147466576,-0.7703217561328913,2.613806591002383
-0.3672440700948426,-0.4791411204508302,-0.33823377685912875,-0.27288841145490766,-0.31034840625132426,-0.2524666395391086,0.29719722503039114,-0.5137187152777898,-0.5077973146584166,-0.12069986256190961,1.159816569035469,0.41760905535829057,0.14360394244060912
-0.3861663162085817,0.6076150701068578,-0.8903948952316973,-0.27288841145490766,-1.1099488754499647,0.4277736164960281,0.0626685679149998,0.748151166859154,-0.624359880068644,-0.741305655336675,0.3062449502515523,0.43029314723356427,-0.7502099303955883
-0.37138681707321436,-0.4791411204508302,-0.7262388870668798,-0.27288841145490766,-0.4889825536254887,-0.49379668887937395,-1.4104645595910508,0.018371317673923873,-0.5077973146584166,-0.7533562532546316,0.3960945943340696,0.4062371109183895,-0.3320429898886212
-0.36343559837867534,-0.4791411204508302,-0.1382619123674418,-0.27288841145490766,-0.1061950949665649,-0.7534734671168536,0.11030720139156353,0.10500155083328801,-0.624359880068644,-0.602723779280174,0.03669601800399886,0.44418004092459684,0.502853891329756
-0.18722607660113647,-0.4791411204508302,1.3063109594829534,-0.27288841145490766,0.4126945712155309,-0.6194012174833727,0.3851454714486625,-0.6493955663429981,-0.5077973146584166,-0.006219182341321825,-1.6255223975225765,-1.40693195352811,-0.04320603098174712
0.3332053794203363,-0.4791411204508302,1.0854465121339265,-0.27288841145490766,0.23406042384136644,-0.21718446858292884,1.0520863401205562,-0.752703528771112,1.7068914281359044,1.5784344438699722,0.8453428147466576,-0.5851996221256591,1.6754457245039316
-0.3849209992148097,2.563776213110696,-1.281384660133354,-0.27288841145490766,-1.3311149626751202,1.023336662236335,-2.1506956336115044,1.8883910741318928,-0.5077973146584166,-0.27735763549534553,-1.580597575481317,0.1673169320608569,-1.1065858796936219
-0.385135162009917,-0.4791411204508302,0.46165368110761906,-0.27288841145490766,-1.0163786077777832,0.3289835378187269,-0.6482464239660298,1.0110955350765956,-0.624359880068644,-0.6931032636648485,-1.0414997109862119,0.39989506498075267,-0.7257809338711263
-0.3869527129271239,2.998478689333772,-1.388832229113962,-0.27288841145490766,-1.297089410794327,1.3521664955479253,-1.113639227929384,1.644661329212814,-0.8574850108890988,-0.45209130530571634,-2.5689436603890115,0.3927875997058143,-0.8364299181289835
0.7219131188130388,-0.4791411204508302,1.0854465121339265,-0.27288841145490766,0.9741161772486192,0.6747488131892827,1.1033894838645477,-1.151089850458427,1.7068914281359044,1.5784344438699722,0.8453428147466576,0.44418004092459684,1.2644637829747472
-0.14702579362747792,-0.4791411204508302,1.3063109594829534,-0.27288841145490766,2.6753937712882787,-0.9708116402069178,1.1473636070736837,-1.0765803332183232,-0.5077973146584166,-0.006219182341321825,-1.6255223975225765,-2.044854298358702,0.6048808768142736
0.2741610367502,-0.4791411204508302,1.0854465121339265,-0.27288841145490766,1.161256712592981,0.12575823311113415,1.000783196376564,-1.0013191436731488,1.7068914281359044,1.5784344438699722,0.8453428147466576,0.44418004092459684,0.9957448212056658
-0.12282539778035374,-0.4791411204508302,-0.1696007866534526,-0.27288841145490766,2.6753937712882787,-1.9615350006564318,0.9897896655742803,-1.1027949048576533,-0.5077973146584166,-0.006219182341321825,-1.6255223975225765,0.38742966434470705,2.4557366134911587
0.44357173963544383,-0.4791411204508302,1.0854465121339265,-0.27288841145490766,1.0421672810102056,-0.17343457659726697,0.34483585850695436,-0.8797361483280106,1.7068914281359044,1.5784344438699722,0.8453428147466576,-2.8380474230417865,1.304699777250332
-0.3863532837281199,1.8030468797203145,-0.8217478372718645,-0.27288841145490766,-1.2885830228241286,0.3515641272306817,-1.677973809113294,1.6485136497762995,-0.39123474924818913,-0.6690020678289353,-0.7719507787386584,0.16884777073545942,-0.42113697721312976
-0.3741822647744297,-0.4791411204508302,-0.1696007866534526,-0.27288841145490766,0.20854125993077152,-0.6490382410865632,1.037428299050844,-0.8756019506501234,-0.8574850108890988,-1.3016584585216573,0.35116977229281177,0.15343003836982433,1.8636926977218444
-0.367714321734893,-0.4791411204508302,2.5240500745965098,-0.27288841145490766,0.44672012309632414,-1.7258500986691545,1.0740734017251239,-0.932823004873608,-0.624359880068644,1.849572897023996,0.8004179927053998,-0.4138550361898451,2.477291610424507
-0.37818676910199145,-0.4791411204508302,-1.1843833825814163,-0.27288841145490766,-0.9483275040161968,-0.2157731817446812,0.033352485775575494,-0.14704356896063236,-0.8574850108890988,-0.7714321501315665,-0.14300327016103573,0.38874181178008027,-0.15816601462627422
0.07306897096334339,-0.4791411204508302,1.3063109594829534,-0.27288841145490766,2.6753937712882787,-1.1966175343264653,1.1473636070736837,-1.1258148692004348,-0.5077973146584166,-0.006219182341321825,-1.6255223975225765,0.44418004092459684,2.0088296770730603
-0.3807385924595662,0.8249663082183953,-0.8799486038030272,-0.27288841145490766,-1.092936099509568,0.40942688759881496,-0.9707233274996925,1.1189135313351317,-0.39123474924818913,-0.6268249751160871,-0.7719507787386584,0.30071858799046297,-0.7286549334622394
-0.38033972841788494,1.2596687844414705,-0.6590841564539998,-0.27288841145490766,-0.9313147280758002,0.7594260234841137,-0.9487362658951248,0.2156852977549052,-0.624359880068644,-0.9039887272290892,-0.3227025583260703,0.44418004092459684,-1.3594978437115812
-0.377530683078885,-0.4791411204508302,-1.1843833825814163,-0.27288841145490766,-0.9483275040161968,2.4741395319544273,0.2678811428909668,-0.14704356896063236,-0.8574850108890988,-0.7714321501315665,-0.14300327016103573,0.44418004092459684,-1.182746868858121
-0.38928584094366314,3.4331811655568467,-1.3142158617663176,-0.27288841145490766,-1.2460510829731375,0.5816038818649697,-1.1942584538127998,3.907899660260739,-0.5077973146584166,-1.3076837574806357,-0.5922514905736237,0.30815409012424433,-1.14107387478698
-0.3806853350449099,-0.4791411204508302,2.2121536590833566,-0.27288841145490766,0.20854125993077152,-0.5008531230706097,0.8871833780862968,-0.8086561359797904,-0.8574850108890988,-1.3016584585216573,0.35116977229281177,0.23850093042985157,0.788816850645517
-0.36247299893717455,-0.4791411204508302,-1.2485534585003906,-0.27288841145490766,-0.58255282129767,0.3487415535541864,0.986125155306852,-0.4515648115522806,-0.7409224454788714,-1.2715319637267657,-0.232852914243553,0.44418004092459684,-0.9715078989113027
-0.3887555330700641,3.1071543083895405,-1.3127235344193648,-0.27288841145490766,-1.2035191431221461,1.8263588731989753,-1.941818548368109,1.156544126107719,-0.8574850108890988,-0.33761062508512857,-1.6255223975225765,0.4275595067432035,-1.3408168463693457
-0.3527149941220081,0.4772043272399352,-0.7411621605364086,-0.27288841145490766,-1.067416935598973,-0.29339395784827643,-1.2382325770219356,1.9953634390472252,-0.2746721838379617,-0.44606600634673804,0.35116977229281177,0.37069978454369934,-0.4714319700576103
-0.12169792698071483,-0.4791411204508302,1.0854465121339265,-0.27288841145490766,0.22555403587116812,-0.6278689385128549,-0.9817168583019766,-0.039554429335564266,1.7068914281359044,1.5784344438699722,0.8453428147466576,0.15802255439363064,0.12923394448504327
-0.38721446745447724,-0.4791411204508302,-0.7068386315564922,-0.27288841145490766,-1.0504041596585765,0.3868462981868602,-1.0366845123133963,0.7909025292100335,-0.2746721838379617,-0.45209130530571634,-0.9965748889449524,0.4316052946689375,-0.4225739770086863
-0.38634875118219164,2.998478689333772,-1.3306314625827993,-0.27288841145490766,-1.2205319190625428,-0.9214166008682666,-1.7146189117875739,3.184039230477938,-0.624359880068644,-0.42196481051082485,1.6539896114893164,0.2900027172682491,-0.6309389473643914
5.40316168068553,-0.4791411204508302,1.0854465121339265,-0.27288841145490766,0.3446434674539444,-0.7887556380730334,1.1473636070736837,-1.125251114971632,1.7068914281359044,1.5784344438699722,0.8453428147466576,-3.867317740472428,-0.33491698947973453
0.7324580869149885,-0.4791411204508302,1.0854465121339265,-0.27288841145490766,1.161256712592981,-0.6546833884395512,0.3338423277046705,-1.084191015307161,1.7068914281359044,1.5784344438699722,0.8453428147466576,-0.198116128690572,2.518964604495648
-0.38899575800425856,2.998478689333772,-1.3530163727870927,-0.27288841145490766,-1.4587107822280947,-0.1212169635821205,0.29719722503039114,2.480990727641774,-0.9740475762993263,-0.9823176136958072,-0.05315362607851843,-0.16050123554320767,0.07031695286722317
-0.37207009837189003,-0.4791411204508302,2.2121536590833566,-0.27288841145490766,0.20854125993077152,-0.4655709521144311,0.7222804160520374,-0.8528168839026767,-0.8574850108890988,-1.3016584585216573,0.35116977229281177,0.3142774448226525,0.34047291443186173
-0.38501391640633775,0.9553770510853179,-0.1696007866534526,-0.27288841145490766,-0.718655028820843,0.4235397559812864,-0.3880661949786427,-0.20586192683239163,-0.2746721838379617,-1.096798293916395,0.03669601800399886,0.4054716915810886,-0.5044829653554118
-0.3215684716399224,-0.4791411204508302,-0.6904230307400104,-0.27288841145490766,-0.42093144986390224,0.42636232965778165,0.44377763572751006,-0.2518548759988871,-0.15810961842773427,-0.5846478824032391,-0.4125522024085892,0.44418004092459684,-0.695603938164438
0.9740031251110006,-0.4791411204508302,1.0854465121339265,-0.27288841145490766,0.48925206294731566,-0.942585903441975,0.692964333912613,-0.8724073433535741,1.7068914281359044,1.5784344438699722,0.8453428147466576,-0.7077760617134363,0.2384459289473439
-0.37827628688407333,-0.4791411204508302,-0.1696007866534526,3.664501525251617,-0.05515676714537506,0.08059705428722465,0.8688608267491569,-0.20900955460987392,-0.5077973146584166,-0.7714321501315665,-0.8618004228211772,0.4096268251264369,-0.27887399745302754
-0.2913647187109017,-0.4791411204508302,1.651038576629071,-0.27288841145490766,0.5743159426492987,-0.958110058662694,0.9531445629000004,-0.8589242213813737,-0.624359880068644,0.19864098226394053,1.2945910351592456,0.44418004092459684,0.847733842263337
0.6050448214639332,-0.4791411204508302,1.0854465121339265,-0.27288841145490766,0.23406042384136644,-1.0597227110164893,0.06999758844985536,-0.819649343441445,1.7068914281359044,1.5784344438699722,0.8453428147466576,-3.8558364504129132,0.6781678663876598
-0.38228645689404533,2.998478689333772,-0.8769639491091213,-0.27288841145490766,-1.2375446950029392,1.1743443539287812,-1.5020773162767505,0.614729332709157,-0.624359880068644,-0.958216417859894,0.3960945943340696,0.44418004092459684,-1.2761518555692992
-0.38553062664215215,1.042317546329933,-0.7113156135973508,-0.27288841145490766,-1.0087228586046046,-0.8607312668236381,-1.4764257444047548,1.3306972032887188,-0.9740475762993263,-0.602723779280174,-0.6371763126148832,0.4126885024756407,-0.0015330369106062026
9.690995454218886,-0.4791411204508302,1.0854465121339265,-0.27288841145490766,0.9741161772486192,0.920312723044291,0.8505382754120169,-1.1236068318042904,1.7068914281359044,1.5784344438699722,0.8453428147466576,0.44418004092459684,0.6853528653654428
0.2687174490904358,-0.4791411204508302,1.0854465121339265,-0.27288841145490766,-0.2082717506089446,-0.10428152152315506,-0.14620851732839554,-0.18039902749813172,1.7068914281359044,1.5784344438699722,0.8453428147466576,0.44418004092459684,-0.24438600235966942
0.19820916463140795,-0.4791411204508302,1.0854465121339265,3.664501525251617,1.8162485862982507,-0.26657950792158003,0.539054902680638,-0.5099603537524378,1.7068914281359044,1.5784344438699722,0.8453428147466576,0.42810623484127575,-0.13804801748848192
-0.3752417473851457,-0.4791411204508302,-0.1696007866534526,-0.27288841145490766,-1.0163786077777832,-0.7421831724108763,-0.39173070524607073,1.1800338856411694,-0.624359880068644,-0.6931032636648485,-1.0414997109862119,0.44418004092459684,0.4884838933741902
-0.381931785175164,-0.4791411204508302,0.46165368110761906,-0.27288841145490766,-1.0163786077777832,-0.4331113548347454,-0.9670588172322647,0.7960702763073925,-0.624359880068644,-0.6931032636648485,-1.0414997109862119,0.44418004092459684,-0.29324399540859336
0.34970837914490044,-0.4791411204508302,1.0854465121339265,3.664501525251617,0.6338606584406868,0.9880544912801552,1.055750850387984,-1.224189982126524,1.7068914281359044,1.5784344438699722,0.8453428147466576,0.39114741541159803,-1.3623718433026943
1.1586930403201954,-0.4791411204508302,1.0854465121339265,-0.27288841145490766,1.5610569471923015,-0.537546580865037,0.7039578647148974,-0.933762595254946,1.7068914281359044,1.5784344438699722,0.8453428147466576,-3.1418095543306768,3.1009495216960667
-0.3772519315043009,-0.4791411204508302,-0.12184631155096012,-0.27288841145490766,-0.08067593105596998,-0.5685948913064739,0.8871833780862968,-0.6834557176665008,-0.39123474924818913,0.168514487469049,-0.232852914243553,0.42285764509978285,0.5416528858097841
-0.38467284232524096,-0.4791411204508302,-1.2485534585003906,-0.27288841145490766,-0.58255282129767,0.9372481651032577,-0.3770726641763588,-0.46002112498432257,-0.7409224454788714,-1.2715319637267657,-0.232852914243553,0.44418004092459684,-1.0634758858269244
-0.0925865176203895,-0.4791411204508302,-0.1382619123674418,-0.27288841145490766,-0.1061950949665649,-1.8952045192588152,-1.1319617792665242,-0.6054697160154462,-0.624359880068644,-0.602723779280174,0.03669601800399886,-0.06373036218443634,0.02864395879608226
-0.38839179625932635,-0.4791411204508302,-1.3336161172767051,-0.27288841145490766,-0.3273611821917209,0.3162819562745019,-0.3294340306997949,1.155087761016645,-0.9740475762993263,0.10826149787926596,-1.0864245330274704,0.3682941809121816,-0.5447189596309961
-0.3854626384532292,-0.4791411204508302,-0.841148092782252,-0.27288841145490766,-0.35288034610231583,0.00015370450713536057,-1.12096824846424,1.2450535400297595,-0.5077973146584166,-1.0847476959984383,0.8453428147466576,0.3655605404218208,-0.9715078989113027
0.15672503802358775,-0.4791411204508302,1.0854465121339265,-0.27288841145490766,0.22555403587116812,-0.5798851860124513,-0.567627198082614,-0.30813633984103384,1.7068914281359044,1.5784344438699722,0.8453428147466576,0.34926804309927106,-0.14235901687515184
0.5380152660047963,-0.4791411204508302,1.0854465121339265,-0.27288841145490766,1.3313844719969472,-0.5361352940267894,0.42545508439037016,-0.4834169254796391,1.7068914281359044,1.5784344438699722,0.8453428147466576,-3.8574766347071296,0.646553870885415
-0.3536622962210012,-0.4791411204508302,-0.6904230307400104,-0.27288841145490766,-0.42093144986390224,2.7253485891624223,0.29719722503039114,-0.07342666258279956,-0.15810961842773427,-0.5846478824032391,-0.4125522024085892,0.24790465371669282,-1.2201088635425925
-0.34938697227422966,-0.4791411204508302,-0.1382619123674418,-0.27288841145490766,-0.1061950949665649,0.3543867009071757,0.6819708031103292,-0.09672850403998208,-0.624359880068644,-0.602723779280174,0.03669601800399886,0.4309492209512509,-0.45418797251093135
-0.13713237900270658,-0.4791411204508302,1.3063109594829534,-0.27288841145490766,0.4126945712155309,-0.6518608147630572,0.8468737651445886,-0.6512277675866072,-0.5077973146584166,-0.006219182341321825,-1.6255223975225765,0.42460717501361406,-0.1150560207595765
-0.3546628557346506,-0.4791411204508302,1.651038576629071,-0.27288841145490766,0.5743159426492987,-0.527667572997306,0.9091704396908644,-0.8650315588600708,-0.624359880068644,0.19864098226394053,1.2945910351592456,0.24025046034368275,0.6408058717031883
-0.3859351563662437,2.998478689333772,-1.388832229113962,-0.27288841145490766,-1.297089410794327,1.116481593560648,-1.1759359024756597,1.644661329212814,-0.8574850108890988,-0.45209130530571634,-2.5689436603890115,-0.021522953013265716,-0.5504669588132227
-0.31603763247104044,0.3902638319953202,-1.0232120291105042,-0.27288841145490766,0.7699628659638598,1.4354324190045087,1.1473636070736837,-0.8989977511454397,-0.5077973146584166,-0.8437357376393062,-2.389244372223976,0.29536065262935635,-0.6683009420488628
-0.32603416251567824,-0.4791411204508302,-0.6904230307400104,-0.27288841145490766,-0.42093144986390224,2.8523644046046677,0.1689393656704111,0.014190140476969681,-0.15810961842773427,-0.5846478824032391,-0.4125522024085892,0.3240092049683374,-1.4327848332849673
-0.36247299893717455,-0.4791411204508302,-0.12184631155096012,-0.27288841145490766,-0.08067593105596998,-0.5474255887327668,0.7149513955171813,-0.6319191852501113,-0.39123474924818913,0.168514487469049,-0.232852914243553,-0.12430783545083088,0.4769878950097375
-0.38340486260182793,-0.4791411204508302,2.2121536590833566,-0.27288841145490766,0.20854125993077152,-0.6292802253511025,0.03701699604300379,-0.7284151174135246,-0.8574850108890988,-1.3016584585216573,0.35116977229281177,0.3594371857234126,0.2772449234273717
-0.38301393051552096,2.129073736887621,-1.363462664215763,-0.27288841145490766,-1.2375446950029392,-0.6095222096156417,-1.8392122608801253,3.242575711235296,-0.624359880068644,0.04198320933050461,-0.008228804037258987,0.39420909276080185,-0.6683009420488628
-0.3554911785030286,-0.4791411204508302,-0.6904230307400104,-0.27288841145490766,-0.4464506137744972,2.752163039089119,0.35216487904181043,-0.4292965195145698,-0.15810961842773427,-0.5846478824032391,-0.4125522024085892,0.31460548168149616,-1.1928058674270172
1.9562058277512244,-0.4791411204508302,-0.1696007866534526,-0.27288841145490766,0.8720395216062394,-3.0736290291952026,1.1473636070736837,-1.2356060052597808,1.7068914281359044,1.5784344438699722,0.8453428147466576,0.15244592779329472,1.5662337400416309
-0.38425244869040065,-0.4791411204508302,-0.841148092782252,-0.27288841145490766,-0.35288034610231583,-0.4909741152028799,-0.3734081539089308,0.4716766971504454,-0.5077973146584166,-1.0847476959984383,0.8453428147466576,0.44418004092459684,-0.4527509727153748
-0.36185713925918084,-0.4791411204508302,1.651038576629071,-0.27288841145490766,0.5743159426492987,-0.8790779957208524,1.000783196376564,-0.9489369799135549,-0.624359880068644,0.19864098226394053,1.2945910351592456,0.39180348912928464,0.6824788657743297
-0.38998045360715927,1.9117224987760832,-1.2798923327864011,-0.27288841145490766,-1.4246852303473017,0.1935000013469984,-1.3481678850447754,1.6438626773886764,-0.9740475762993263,-0.6268249751160871,-1.355973465275023,0.42034269584865136,-0.6050729510443729
1.6580096311351635,-0.4791411204508302,1.0854465121339265,-0.27288841145490766,1.0421672810102056,0.16668555142030198,1.1473636070736837,-0.927138483066513,1.7068914281359044,1.5784344438699722,0.8453428147466576,-3.597780788122855,2.3867606233044425
-0.37635901995644616,-0.4791411204508302,-0.33823377685912875,-0.27288841145490766,-0.31034840625132426,-0.26657950792158003,0.6050160874943417,-0.7919784067110408,-0.5077973146584166,-0.12069986256190961,1.159816569035469,0.34347272525970585,0.23700892915178734
1.7048761560327177,-0.4791411204508302,1.0854465121339265,-0.27288841145490766,0.9485970133380243,-3.0736290291952026,1.1473636070736837,-1.254914587596277,1.7068914281359044,1.5784344438699722,0.8453428147466576,0.44418004092459684,3.6685644409409184
0.4615772783352052,-0.4791411204508302,1.0854465121339265,-0.27288841145490766,1.3313844719969472,0.1426936751700996,1.0850669325274078,-0.762569227775161,1.7068914281359044,1.5784344438699722,0.8453428147466576,-0.5693445072815667,0.9871228224323259
-0.3538492637405393,-0.4791411204508302,-0.1696007866534526,-0.27288841145490766,0.5743159426492987,-0.6970219935869667,0.9787961347719965,-0.628724577953562,-0.624359880068644,0.19864098226394053,1.2945910351592456,0.354407287221149,0.3720869099341065
1.1410274425650488,-0.4791411204508302,1.0854465121339265,-0.27288841145490766,0.6338606584406868,-3.4617329097131746,1.1473636070736837,-1.0793991043623372,1.7068914281359044,1.5784344438699722,0.8453428147466576,-2.458727468599325,0.1277969446894867
-0.37731991969322387,-0.4791411204508302,-0.5844677891063553,-0.27288841145490766,-0.9228083401056019,-0.34843414453991567,-1.0513425533831082,0.8985795869113693,-0.7409224454788714,-1.0305200053676336,-0.18792809220229514,0.36206148059415905,-0.41538897803090324
-0.370940361299287,-0.4791411204508302,-0.1696007866534526,-0.27288841145490766,0.24256681181156475,-0.9115375930005369,-1.461767703335043,-0.4743028987806604,-0.39123474924818913,-0.07852276984906148,0.3960945943340696,0.40470627224378763,0.7413958573921497
-0.38716121003982096,2.998478689333772,-1.1127516699276776,-0.27288841145490766,-1.3481277386155168,-0.0365397532872908,-1.8648638327521214,1.316979183721184,-0.624359880068644,-0.4038889136338899,-0.9965748889449524,0.44418004092459684,-1.116644878262518
-0.38952153333192935,3.4331811655568467,-1.4350943768695017,3.664501525251617,-1.3226085747049219,2.2680916535703393,-1.6083481140321623,0.9756729777001526,-0.9740475762993263,-1.2414054689318743,-2.1196954399764234,0.4290903454178054,-1.3336318473915627
-0.3847238334669332,-0.4791411204508302,-0.9456110070689542,-0.27288841145490766,-0.9143019521354036,0.4432977717167471,-0.46135640032720243,0.2957383982449038,-0.7409224454788714,-0.9461658199419374,0.0816208400452583,0.3938810559019588,-0.8493629162889927
-0.3795623967911992,0.8249663082183953,-0.8799486038030272,-0.27288841145490766,-1.092936099509568,0.059427751713516275,-0.5786207288848981,1.5161723445648414,-0.39123474924818913,-0.6268249751160871,-0.7719507787386584,0.18011036955574555,-0.17541001217295316
-0.3848745406190457,-0.4791411204508302,-1.2485534585003906,-0.27288841145490766,-0.58255282129767,2.1382532644516,-0.5529691570129021,-0.2861029453986576,-0.7409224454788714,-1.2715319637267657,-0.232852914243553,0.3974894613492349,-1.148258873764763
1.4059660834329664,-0.4791411204508302,1.0854465121339265,-0.27288841145490766,1.0421672810102056,-0.5925867675566763,0.9787961347719965,-0.8919508232854048,1.7068914281359044,1.5784344438699722,0.8453428147466576,-3.8117701657082974,1.7171187185750727
-0.2297481562265138,-0.4791411204508302,1.3063109594829534,-0.27288841145490766,2.6753937712882787,0.27394335112708645,1.1473636070736837,-0.9594603921845406,-0.5077973146584166,-0.006219182341321825,-1.6255223975225765,0.08782266660116557,-0.7257809338711263
-0.380595817262828,0.0642369748280138,-0.4412043637988781,-0.27288841145490766,-0.27632285437053106,-0.602465775424406,-1.0879876560573882,0.7717348854307381,-0.5077973146584166,-0.5605466865673259,-1.4008982873162825,0.3741988443713611,0.4698028960319547
-0.3839510343861756,-0.4791411204508302,-0.7262388870668798,-0.27288841145490766,-0.4889825536254887,-0.5403691545415311,-0.017950657968416005,-0.21041894018188098,-0.5077973146584166,-0.7533562532546316,0.3960945943340696,0.44418004092459684,-0.14523301646626496
-0.30363205426556605,-0.4791411204508302,-0.40091152543115005,-0.27288841145490766,-0.15723342278775473,0.2527740485533793,0.9421510320977166,0.3037249164862766,-0.624359880068644,-0.5846478824032391,1.2047413910767284,0.34620636575006664,0.051635955524987676
-0.25440520607590383,-0.4791411204508302,1.3063109594829534,-0.27288841145490766,0.4126945712155309,-0.6222237911598668,0.9494800526325721,-0.6493955663429981,-0.5077973146584166,-0.006219182341321825,-1.6255223975225765,-0.6996844858619683,0.2858669222007113
-0.014902079820544258,-0.4791411204508302,1.3063109594829534,3.664501525251617,2.6753937712882787,-1.288351178812532,1.1473636070736837,-1.168190395398779,-0.5077973146584166,-0.006219182341321825,-1.6255223975225765,0.44418004092459684,2.0663096688953235
0.6961025360249228,-0.4791411204508302,1.0854465121339265,-0.27288841145490766,1.161256712592981,0.1243469462728865,1.1473636070736837,-1.0190774018804372,1.7068914281359044,1.5784344438699722,0.8453428147466576,0.2168504977461946,1.1308228019879847
-0.3879374085300246,1.2596687844414705,-1.42912506748169,-0.27288841145490766,-1.0844297115393697,0.8793854047351232,-1.2528906180916475,2.341414576494013,-0.9740475762993263,-0.41593951155184655,0.6207187045403636,0.3670913790964233,-0.14523301646626496
-0.3450232636818583,-0.4791411204508302,-0.6904230307400104,3.664501525251617,-0.42093144986390224,-0.2143618949064348,0.8285512138074487,-0.35713597822781085,-0.15810961842773427,-0.5846478824032391,-0.4125522024085892,0.4260286680686016,1.2960777784769926
-0.37739357356455705,-0.4791411204508302,-1.1843833825814163,-0.27288841145490766,-0.9483275040161968,0.4362413375255114,-0.3990597257809268,-0.14704356896063236,-0.8574850108890988,-0.7714321501315665,-0.14300327016103573,0.018606889385230738,-0.8321189187423137
-0.3863079582688379,0.4337340796176277,-0.1696007866534526,-0.27288841145490766,-0.9993658318373867,-0.28351494998054544,-0.2085051918746714,1.4124415664651255,-0.624359880068644,-0.9702670157778506,-0.6821011346561411,0.41214177437756905,-0.43263297557758246
-0.3783850679863501,0.8249663082183953,-0.8799486038030272,-0.27288841145490766,-1.092936099509568,0.8201113575287422,-0.5273175851409063,1.1875975882109402,-0.39123474924818913,-0.6268249751160871,-0.7719507787386584,0.3823997658424434,-0.15241801544404773
1.3411166825652918,-0.4791411204508302,1.0854465121339265,-0.27288841145490766,0.9741161772486192,0.4701122216434435,0.9018414191560084,-1.157244167456191,1.7068914281359044,1.5784344438699722,0.8453428147466576,0.07371708167090371,-0.14523301646626496
0.649792381140055,-0.4791411204508302,1.0854465121339265,-0.27288841145490766,1.2208014283843691,-1.1006500293256583,1.1473636070736837,-1.0466074000536407,1.7068914281359044,1.5784344438699722,0.8453428147466576,0.44418004092459684,1.6035957347261023
-0.38369607867771455,-0.4791411204508302,-1.0112734103348813,-0.27288841145490766,-0.39541228595330735,0.767893744513597,0.20924897861211927,-0.4194778000295878,-0.5077973146584166,-0.6509261709520004,-0.7719507787386584,0.3826184570816721,-0.7933199242622859
-0.3767816798642505,-0.4791411204508302,-0.5844677891063553,-0.27288841145490766,-0.9228083401056019,0.6408779290713505,-2.410875862598891,0.8985795869113693,-0.7409224454788714,-1.0305200053676336,-0.18792809220229514,0.3185419239876158,-1.092215881738056
2.107468216739969,-0.4791411204508302,1.0854465121339265,-0.27288841145490766,1.5610569471923015,-0.7026671409399561,0.8688608267491569,-0.9123399345604394,1.7068914281359044,1.5784344438699722,0.8453428147466576,0.3845866782347319,-0.14523301646626496
0.20855243443955285,-0.4791411204508302,1.0854465121339265,-0.27288841145490766,1.2208014283843691,-0.3738373076283645,0.5060743102737859,-0.7706497050546679,1.7068914281359044,1.5784344438699722,0.8453428147466576,0.24167195339867031,0.908087833676714
-0.3651953593352977,-0.4791411204508302,-0.035291325427692616,-0.27288841145490766,-0.5740464333274717,0.014266572889606768,-0.5932787699546099,0.25683935645751,-0.624359880068644,-0.7654068511725882,0.12654566208651774,0.4219828801428676,-0.21133500706186786
-0.3842773776930058,0.3902638319953202,-1.1187209793154893,3.664501525251617,-0.9661909187536132,1.875753912537625,-0.6958850574425935,0.6594538348608463,-0.5077973146584166,-1.1329500876702647,-1.5356727534400585,0.22734767722917978,-1.3551868443249115
-0.3857617864844902,2.998478689333772,-1.0724588315599497,-0.27288841145490766,-1.3991660664367067,-0.29339395784827643,-1.3445033747773472,2.5425808771384806,-0.9740475762993263,-0.5364454907314127,-0.8618004228211772,0.40033244745921,-0.8436149171067664
0.8364403561902307,-0.4791411204508302,1.0854465121339265,-0.27288841145490766,1.0421672810102056,0.6578133711303172,0.8102286624703088,-0.934279369964682,1.7068914281359044,1.5784344438699722,0.8453428147466576,-3.6598891000638525,1.9182986899529946
-0.3833980637829356,-0.4791411204508302,-1.2903386242150714,-0.27288841145490766,-0.8377444604036188,1.172933067090535,-0.5309820954083341,1.0589206854867,-0.7409224454788714,-1.096798293916395,0.17147048412777557,0.44418004092459684,-0.14523301646626496
-0.3894796072820935,3.4331811655568467,-1.056043230743468,-0.27288841145490766,-1.38215329049631,1.6061981264324157,-1.2638841488939314,1.1875975882109402,-0.7409224454788714,-0.9642417168188723,-1.0864245330274704,0.32871106661175736,-1.3408168463693457
0.5433987974310118,-0.4791411204508302,-0.1696007866534526,-0.27288841145490766,1.3313844719969472,1.5201096292993383,1.1217120352016876,-0.6368050552330687,1.7068914281359044,1.5784344438699722,0.8453428147466576,0.21422620287544816,0.6178138749742829
-0.37437716424934214,-0.4791411204508302,-0.33823377685912875,-0.27288841145490766,-0.31034840625132426,0.5801925950267233,0.41079704332065853,-0.48407463874657564,-0.5077973146584166,-0.12069986256190961,1.159816569035469,0.4207800783271087,-0.434069975373139
-0.347920693666458,-0.4791411204508302,-0.6904230307400104,-0.27288841145490766,-0.4464506137744972,2.433212213645257,0.6526547209709054,-0.2783513247526189,-0.15810961842773427,-0.5846478824032391,-0.4125522024085892,0.34008301105165845,-0.14523301646626496
0.7489735511408552,-0.4791411204508302,1.0854465121339265,-0.27288841145490766,0.23406042384136644,0.7297889998809232,0.9384865218302882,-0.8080454022319206,1.7068914281359044,1.5784344438699722,0.8453428147466576,-3.006439677248011,1.0417288146634767
-0.3752995373457302,-0.4791411204508302,-0.035291325427692616,-0.27288841145490766,-0.5740464333274717,0.08341962796371867,-1.3335098439750634,0.06445822587855296,-0.624359880068644,-0.7654068511725882,0.12654566208651774,0.3229157487721928,-0.43981797455536525
-0.36247299893717455,-0.4791411204508302,1.0854465121339265,-0.27288841145490766,0.23406042384136644,-0.6758526910132596,-0.3294340306997949,-0.8506088465065323,1.7068914281359044,1.5784344438699722,0.8453428147466576,-3.6262106492226076,0.4669288964408413
-0.12902592061012683,-0.4791411204508302,1.3063109594829534,-0.27288841145490766,0.4126945712155309,-0.6151673569686311,1.0484218298531278,-0.666871947435885,-0.5077973146584166,-0.006219182341321825,-1.6255223975225765,-0.08909854593498433,-0.05901302873286975
-0.3819453828129486,-0.4791411204508302,-1.1843833825814163,-0.27288841145490766,-0.9483275040161968,2.122729109230881,-1.164942371673376,-0.14704356896063236,-0.8574850108890988,-0.7714321501315665,-0.14300327016103573,0.40733056711453347,-1.2747148557737427
-0.3871260828088774,2.998478689333772,-0.1696007866534526,-0.27288841145490766,-1.2375446950029392,0.4432977717167471,-1.6596512577761542,0.614729332709157,-0.624359880068644,-0.958216417859894,0.3960945943340696,0.44418004092459684,-1.1123338788758483
-0.3687840025739474,-0.4791411204508302,-0.035291325427692616,-0.27288841145490766,-0.5740464333274717,-0.18895873181798475,0.29719722503039114,0.06445822587855296,-0.624359880068644,-0.7654068511725882,0.12654566208651774,0.408424023310678,-0.426884976395356
-0.3717652846582188,0.6076150701068578,-0.8501020568639694,-0.27288841145490766,-0.8802764002546104,-0.49379668887937395,0.9055059294234367,1.4142267881896677,-0.15810961842773427,-0.72322975845974,0.6207187045403636,0.23839158481023726,0.28730392199626786
-0.36524295106754373,-0.4791411204508302,-0.1696007866534526,-0.27288841145490766,-0.9228083401056019,-0.4034743312315549,0.6160096182966256,0.8837810384052955,-0.7409224454788714,-1.0305200053676336,-0.18792809220229514,0.3986922631649938,0.9138358328589402
-0.23394416061954185,-0.4791411204508302,-0.40091152543115005,-0.27288841145490766,-0.15723342278775473,-0.5163772782913287,0.487751758936646,0.08541109138239072,-0.624359880068644,-0.5846478824032391,1.2047413910767284,-1.352368489340509,2.1942026506998595
-0.32568855588865325,0.3902638319953202,-1.0232120291105042,-0.27288841145490766,0.1575029321095817,2.795912931074782,-0.061924781177551944,-0.6514156856628747,-0.5077973146584166,-0.8437357376393062,-2.389244372223976,0.30902885508116024,-0.7185959348933433
-0.36391038256465397,-0.4791411204508302,-0.5143284037995697,-0.27288841145490766,-0.5400208814466786,-0.32867612880445496,-0.9157556734882727,0.7552920537573229,-0.5077973146584166,-0.7051538615828051,0.5757938824991058,0.44418004092459684,0.050198955729430866
-0.3892076545264017,3.6505324036683846,-1.3962938658487263,-0.27288841145490766,-1.3055957987645253,1.1559976250315682,-2.007779733181813,1.806458792879219,-0.7409224454788714,-0.01224448130030013,-0.5922514905736237,0.3064045602104138,-1.148258873764763
0.22533305260221903,-0.4791411204508302,1.0854465121339265,-0.27288841145490766,1.3313844719969472,0.47857994267292686,0.29719722503039114,-0.6826100863232967,1.7068914281359044,1.5784344438699722,0.8453428147466576,-0.010807082291051252,0.7600768547343852
-0.2829205856466712,-0.4791411204508302,-0.40091152543115005,-0.27288841145490766,-0.15723342278775473,-0.3794824549813538,0.736938457121749,0.30311418273840707,-0.624359880068644,-0.5846478824032391,1.2047413910767284,-0.545616507825235,0.695411863934339
-0.36247299893717455,-0.4791411204508302,1.0854465121339265,-0.27288841145490766,1.161256712592981,-0.17343457659726697,0.8761898472840124,-0.9475745738606147,1.7068914281359044,1.5784344438699722,0.8453428147466576,0.44418004092459684,0.3922049070718988
-0.33037294210544454,-0.4791411204508302,-0.6904230307400104,-0.27288841145490766,-0.4464506137744972,-0.47262738630566686,-0.021615168235844303,-0.06421867684568706,-0.15810961842773427,-0.5846478824032391,-0.4125522024085892,0.2413439165398273,-0.11361902096401993
-0.33002053665952724,0.3902638319953202,-1.0232120291105042,-0.27288841145490766,0.7699628659638598,1.2519651300323766,0.48042273840178995,-0.7968172971749315,-0.5077973146584166,-0.8437357376393062,-2.389244372223976,0.3993483368826804,-0.40964097884867706
-0.36247299893717455,1.8030468797203145,-0.8217478372718645,-0.27288841145490766,-1.2885830228241286,-0.001257582331111028,-0.846129978407141,1.6485136497762995,-0.39123474924818913,-0.6690020678289353,-0.7719507787386584,0.44418004092459684,-0.695603938164438
-0.1834312025227538,-0.4791411204508302,1.3063109594829534,3.664501525251617,0.4126945712155309,2.097325946142431,1.0814024222599798,-0.8303606737886983,-0.5077973146584166,-0.006219182341321825,-1.6255223975225765,0.36446708422567686,-1.5118198220405796
0.6670013248929357,-0.4791411204508302,1.0854465121339265,-0.27288841145490766,1.0421672810102056,0.09047606215495438,0.29719722503039114,-0.8644208251122011,1.7068914281359044,1.5784344438699722,0.8453428147466576,-3.231800999273354,1.672571724912818
-0.3629166218698968,-0.4791411204508302,1.651038576629071,-0.27288841145490766,0.5743159426492987,-0.6476269542483155,0.29719722503039114,-1.0051714642366345,-0.624359880068644,0.19864098226394053,1.2945910351592456,0.3910380697919837,1.2759597813392003
-0.37872727520392896,0.6076150701068578,-0.8501020568639694,-0.27288841145490766,-0.8802764002546104,0.19773386186174008,-0.03260869903812816,1.6054334307919522,-0.15810961842773427,-0.72322975845974,0.6207187045403636,0.44418004092459684,-0.820622920377861
-0.3280182844957463,-0.4791411204508302,1.651038576629071,-0.27288841145490766,0.5743159426492987,0.026968154433831788,1.0814024222599798,-0.7974750104418681,-0.624359880068644,0.19864098226394053,1.2945910351592456,0.4197959677505791,0.6494278704765282
-0.3543467106561589,-0.4791411204508302,1.651038576629071,-0.27288841145490766,0.5743159426492987,0.1624516909055603,1.1033894838645477,-0.937567936299365,-0.624359880068644,0.19864098226394053,1.2945910351592456,0.44418004092459684,0.42381890257414384
0.2581962768546092,-0.4791411204508302,1.0854465121339265,-0.27288841145490766,-0.2082717506089446,1.051562399001278,0.3045262455652467,-0.1867882420912301,1.7068914281359044,1.5784344438699722,0.8453428147466576,0.42646605054705894,-0.7803869261022767
-0.3672859961446784,0.0642369748280138,-0.4412043637988781,-0.27288841145490766,-0.27632285437053106,-0.9665777796921762,1.1473636070736837,1.0682696097810132,-0.5077973146584166,-0.5605466865673259,-1.4008982873162825,0.33188208958057613,2.513216605313422
-0.3568350783707389,-0.4791411204508302,-0.5143284037995697,-0.27288841145490766,-0.5400208814466786,-0.005491442845852701,-1.458103193067615,0.7552920537573229,-0.5077973146584166,-0.7051538615828051,0.5757938824991058,0.44418004092459684,-0.9039689085201431
1.0903649104526305,-0.4791411204508302,1.0854465121339265,-0.27288841145490766,0.2000348719605732,-0.8508522589559083,-0.43936933872263445,-0.4625110394948683,1.7068914281359044,1.5784344438699722,0.8453428147466576,0.44418004092459684,0.3332879154540787
-0.3890116219150072,0.2815882129395514,-1.4097248119713024,-0.27288841145490766,-1.1941621163549276,1.1122477330459064,-0.33676305123465095,2.5438023446342197,-0.7409224454788714,-1.1329500876702647,0.12654566208651774,0.40415954414571537,-0.6309389473643914
-0.386217307350274,2.563776213110696,-1.281384660133354,-0.27288841145490766,-1.3311149626751202,0.7834178997343161,-0.7801687935934374,1.8883910741318928,-0.5077973146584166,-0.27735763549534553,-1.580597575481317,0.37813528667748075,-0.9154649068845958
-0.31893279618267606,-0.4791411204508302,-0.40091152543115005,-0.27288841145490766,-0.15723342278775473,-0.3103293999072419,0.5793645156223457,0.30710744185909344,-0.624359880068644,-0.5846478824032391,1.2047413910767284,0.2596046350154369,-0.3133619925463857
-0.11398013440147786,-0.4791411204508302,1.3063109594829534,-0.27288841145490766,2.6753937712882787,-1.4732297546229105,0.9274929910280044,-0.9733193503092761,-0.5077973146584166,-0.006219182341321825,-1.6255223975225765,-2.926617374929476,0.5315938872408879
-0.387416165748282,2.781127451222234,-1.175429418499699,-0.27288841145490766,-1.092936099509568,0.9993447859861326,-1.9381540381006812,0.7483390849354216,-0.7409224454788714,-0.9160393251470458,-0.008228804037258987,0.4301838016139499,-1.50319782326724
1.6333185871913125,-0.4791411204508302,1.0854465121339265,-0.27288841145490766,0.9741161772486192,-0.1310959714498515,1.1473636070736837,-1.1378886056006279,1.7068914281359044,1.5784344438699722,0.8453428147466576,0.4096268251264369,1.3420617719348034
-0.36247299893717455,-0.4791411204508302,1.0854465121339265,-0.27288841145490766,0.8380139697254463,-0.7859330643965381,-0.7508527114540133,-0.3484447672004343,1.7068914281359044,1.5784344438699722,0.8453428147466576,-0.23923008166559867,0.24275692833401383
0.963000369870303,-0.4791411204508302,1.0854465121339265,-0.27288841145490766,0.8720395216062394,-0.9990373769718619,1.1473636070736837,-1.1852909403391305,1.7068914281359044,1.5784344438699722,0.8453428147466576,-0.26448891979653233,-0.14523301646626496
-0.38605526883334096,-0.4791411204508302,0.4571766990667605,3.664501525251617,-0.05515676714537506,-0.6038770622626537,-0.46502091059463047,-0.3270221065059278,-0.5077973146584166,-0.7714321501315665,-0.8618004228211772,0.3993483368826804,0.15366294100950526
-0.3673834458821347,0.3902638319953202,-1.1187209793154893,-0.27288841145490766,-0.9661909187536132,0.7001519762777327,-1.3371743542424912,0.13741741898944923,-0.5077973146584166,-1.1329500876702647,-1.5356727534400585,0.44418004092459684,-1.0907788819424995
0.6728641730510582,-0.4791411204508302,1.0854465121339265,-0.27288841145490766,1.5610569471923015,-0.9722229270451654,0.9238284807605767,-0.9353598989032207,1.7068914281359044,1.5784344438699722,0.8453428147466576,0.44418004092459684,1.5001317494460276
-0.3788043284847083,-0.4791411204508302,0.16468053906399435,-0.27288841145490766,0.14049015616918506,0.6747488131892827,0.7552610084588889,-0.6667779883977512,-0.9740475762993263,-0.7895080470085014,1.2047413910767284,0.4064558021576182,-0.8565479152667757
-0.3877765031495736,-0.4791411204508302,-0.841148092782252,-0.27288841145490766,-0.35288034610231583,-0.5939980543949239,-0.3330985409672229,0.8488282762195217,-0.5077973146584166,-1.0847476959984383,0.8453428147466576,0.421326806425181,-0.27025199867968797
-0.36247299893717455,-0.4791411204508302,-0.6904230307400104,3.664501525251617,-0.42093144986390224,0.44470905855499476,0.28620369422810676,0.15963873150809307,-0.15810961842773427,-0.5846478824032391,-0.4125522024085892,0.35178299235040256,-0.4168259778264601
-0.362668464980328,-0.4791411204508302,-0.035291325427692616,-0.27288841145490766,-0.5740464333274717,-0.7520621802786059,0.1469523040658434,0.25683935645751,-0.624359880068644,-0.7654068511725882,0.12654566208651774,0.362498863072617,-0.14523301646626496
-0.36661177993785915,-0.4791411204508302,-0.035291325427692616,3.664501525251617,-0.5740464333274717,-0.7181912961606739,-0.5456401364780462,-0.0730978059493312,-0.624359880068644,-0.7654068511725882,0.12654566208651774,0.37901005163439605,0.5157868894897655
-0.37656865020562524,-0.4791411204508302,0.46165368110761906,-0.27288841145490766,-1.0163786077777832,0.5110395399526113,-1.377483967184199,1.0110955350765956,-0.624359880068644,-0.6931032636648485,-1.0414997109862119,0.44418004092459684,-0.8867249109734642
0.3628708925203836,-0.4791411204508302,1.0854465121339265,-0.27288841145490766,1.3313844719969472,0.0015649913453830027,0.5243968616109259,-0.5044637500216105,1.7068914281359044,1.5784344438699722,0.8453428147466576,0.44418004092459684,0.22263893119622152
-0.36696305224729436,0.4772043272399352,-0.7411621605364086,-0.27288841145490766,-1.067416935598973,0.17233069877329005,-2.191005246553212,1.6858623674344857,-0.2746721838379617,-0.44606600634673804,0.35116977229281177,0.22734767722917978,-1.2718408561826295
-0.3595432745628364,-0.4791411204508302,-0.1696007866534526,-0.27288841145490766,0.24256681181156475,-0.5502481624092609,-0.9560652864299806,-0.6701605137705681,-0.39123474924818913,-0.07852276984906148,0.3960945943340696,0.44418004092459684,0.16515893937395798
0.4970795774542878,-0.4791411204508302,1.0854465121339265,-0.27288841145490766,0.8380139697254463,-0.1508539871853122,-0.12055694545639953,-0.39688065135840855,1.7068914281359044,1.5784344438699722,0.8453428147466576,0.44418004092459684,0.11198994693836435
-0.37989100637099343,-0.4791411204508302,-0.7068386315564922,-0.27288841145490766,-1.0504041596585765,0.9400707387797517,-1.8685283430195492,0.7909025292100335,-0.2746721838379617,-0.45209130530571634,-0.9965748889449524,0.37343342503406013,-1.089341882146943
-0.38418446050147775,-0.4791411204508302,-1.42912506748169,-0.27288841145490766,-1.0844297115393697,0.24571761436214362,-0.890104101616277,2.341414576494013,-0.9740475762993263,-0.41593951155184655,0.6207187045403636,0.44418004092459684,-0.14523301646626496
-0.3809504889817094,0.3902638319953202,-0.5770061523715909,3.664501525251617,-0.786706132582429,-0.5587158834387442,-0.2634728458860912,0.05135094005888785,-0.7409224454788714,-1.0907729949574165,0.12654566208651774,0.38338387641897304,0.17378093814729756
-0.38731871601082574,3.1071543083895405,-1.3127235344193648,-0.27288841145490766,-1.2035191431221461,-0.21718446858292884,-1.109974717661956,1.156544126107719,-0.8574850108890988,-0.33761062508512857,-1.6255223975225765,0.4099548619852799,-0.7200329346889
-0.22540371095433726,-0.4791411204508302,1.3063109594829534,-0.27288841145490766,0.4126945712155309,1.655593165771067,0.8102286624703088,-0.8631523780973948,-0.5077973146584166,-0.006219182341321825,-1.6255223975225765,0.19848043365097007,-1.5391228181561547
-0.3731647082135495,-0.4791411204508302,-0.5844677891063553,-0.27288841145490766,-0.9228083401056019,-0.14803141350881693,-2.2789534929714836,0.8985795869113693,-0.7409224454788714,-1.0305200053676336,-0.18792809220229514,0.4174997097386756,-0.7185959348933433
-0.38327568504287435,-0.4791411204508302,0.4571766990667605,-0.27288841145490766,-0.05515676714537506,0.4602332137757138,0.6013515772269133,-0.18185539258920558,-0.5077973146584166,-0.7714321501315665,-0.8618004228211772,0.3991296456434511,-0.3952709808931112
1.2219333873833598,-0.4791411204508302,1.0854465121339265,-0.27288841145490766,1.161256712592981,0.038258449139809164,1.1473636070736837,-1.0495671097548553,1.7068914281359044,1.5784344438699722,0.8453428147466576,0.44418004092459684,1.1322598017835415
-0.38094708957226325,1.4770200225530081,-1.1023053784990076,-0.27288841145490766,-1.0163786077777832,0.8963208467940885,-1.7292769528572858,1.255107157110076,-0.5077973146584166,-0.036345677136213346,-1.4008982873162825,0.23401776002566024,-1.0548538870535848
-0.351630582508687,-0.4791411204508302,-0.1382619123674418,-0.27288841145490766,-0.1061950949665649,-0.4853289678498906,0.29353271476296283,-0.33153214033635015,-0.624359880068644,-0.602723779280174,0.03669601800399886,0.4369632300300447,-0.3550349866175266
-0.3168149640977262,0.3902638319953202,-1.0232120291105042,-0.27288841145490766,0.7699628659638598,0.742490581425147,1.1473636070736837,-0.8444545295087684,-0.5077973146584166,-0.8437357376393062,-2.389244372223976,0.3898352679762248,-0.796193923853399
-0.376194715166549,-0.4791411204508302,-0.33823377685912875,-0.27288841145490766,-0.31034840625132426,-0.6560946752777989,1.0264347682485602,-0.7992602321664103,-0.5077973146584166,-0.12069986256190961,1.159816569035469,0.4130165393344843,0.5790148804942551
-0.36247299893717455,0.4337340796176277,-0.7739933621693722,-0.27288841145490766,-0.9993658318373867,-0.4486355100554644,-1.7329414631247138,1.4124415664651255,-0.624359880068644,-0.9702670157778506,-0.6821011346561411,0.44418004092459684,-0.5763329551332412
0.5324810274264682,-0.4791411204508302,1.0854465121339265,-0.27288841145490766,1.2208014283843691,-1.3066979077097451,1.107053994131976,-0.9772186503918289,1.7068914281359044,1.5784344438699722,0.8453428147466576,0.44418004092459684,1.2084207909480407
-0.3881277754590089,-0.4791411204508302,-0.5605905515551092,-0.27288841145490766,-0.7441741927314379,0.14833882252308891,0.37415194064637863,0.5444479721850742,-0.8574850108890988,-0.9762923147368289,-0.232852914243553,0.44418004092459684,-0.4743059696487234
0.32130178067640974,-0.4791411204508302,1.0854465121339265,-0.27288841145490766,1.5610569471923015,0.035435875463315135,1.0154412374462762,-0.8156560843207584,1.7068914281359044,1.5784344438699722,0.8453428147466576,-0.4184475522136514,0.7686988535077246
-0.37412787422329136,-0.4791411204508302,2.5240500745965098,-0.27288841145490766,0.44672012309632414,-1.216375550061926,0.8798543575514407,-0.9336216566977453,-0.624359880068644,1.849572897023996,0.8004179927053998,0.42438848377438476,0.8074978479877525
-0.36631943072549045,-0.4791411204508302,-0.5844677891063553,-0.27288841145490766,-0.9228083401056019,-1.007505098001344,-0.24515029454895126,1.0709004628487597,-0.7409224454788714,-1.0305200053676336,-0.18792809220229514,0.44418004092459684,0.5402158860142272
0.9472724354994605,-0.4791411204508302,1.0854465121339265,-0.27288841145490766,1.3739164118479386,0.7170874183366982,0.28620369422810676,-0.9462591473267415,1.7068914281359044,1.5784344438699722,0.8453428147466576,-3.365968074540261,1.4800137523082353
-0.38656178084081694,0.6076150701068578,-0.8903948952316973,-0.27288841145490766,-1.1099488754499647,0.5801925950267233,-1.2895357207659275,0.748151166859154,-0.624359880068644,-0.741305655336675,0.3062449502515523,0.44418004092459684,-1.0275508909380096
-0.37576412330337033,-0.4791411204508302,-0.035291325427692616,-0.27288841145490766,-0.5740464333274717,-0.599643201747912,-1.699960870717862,0.06445822587855296,-0.624359880068644,-0.7654068511725882,0.12654566208651774,0.44418004092459684,-0.22570500501743393
-0.2084678530936303,-0.4791411204508302,-0.40091152543115005,-0.27288841145490766,-0.15723342278775473,-0.3103293999072419,1.0337637887834161,-0.02273576150961412,-0.624359880068644,-0.5846478824032391,1.2047413910767284,-1.1805865209262374,1.1351338013746546
-0.36247299893717455,-0.4791411204508302,1.0854465121339265,-0.27288841145490766,0.23406042384136644,0.04531488333104487,0.6379966799011932,-0.8247231315006701,1.7068914281359044,1.5784344438699722,0.8453428147466576,-2.9832584058897518,0.747143856574376
-0.297709149873895,0.3902638319953202,-1.0232120291105042,-0.27288841145490766,0.7699628659638598,1.4269646979750252,0.9458155423651443,-0.8124614770242091,-0.5077973146584166,-0.8437357376393062,-2.389244372223976,0.4061277652987752,-0.17109901278628348
3.876384916137294,-0.4791411204508302,1.0854465121339265,-0.27288841145490766,1.0421672810102056,-0.16073299505304195,0.36682292011152257,-0.9138902586896471,1.7068914281359044,1.5784344438699722,0.8453428147466576,-3.689959145457821,0.29879992036072056
0.027692520539684202,-0.4791411204508302,1.0854465121339265,-0.27288841145490766,1.3739164118479386,-1.9093173876412866,0.832215724074877,-0.965849606777639,1.7068914281359044,1.5784344438699722,0.8453428147466576,-0.440097984897309,0.22407593099177808
-0.3867668785440678,-0.4791411204508302,-1.1067823605398661,-0.27288841145490766,-0.5740464333274717,0.12575823311113415,0.19092642727497933,-0.33641801031930785,-0.8574850108890988,-0.8075839438854363,-0.232852914243553,0.4075492583537627,-0.6093839504310428
-0.38499351994966086,-0.4791411204508302,-0.841148092782252,-0.27288841145490766,-0.35288034610231583,-0.46698223895267754,-0.8534589989419971,0.4716766971504454,-0.5077973146584166,-1.0847476959984383,0.8453428147466576,0.44418004092459684,-0.38808598191532817
1.232981468083339,-0.4791411204508302,1.0854465121339265,-0.27288841145490766,0.48925206294731566,-0.12262825042036815,0.7076223749823252,-0.8724073433535741,1.7068914281359044,1.5784344438699722,0.8453428147466576,0.2956886894881993,0.09618294918724171
-0.3851487596477016,0.4337340796176277,-0.7739933621693722,-0.27288841145490766,-0.9993658318373867,0.2753546379653341,-1.7439349939269977,1.4124415664651255,-0.624359880068644,-0.9702670157778506,-0.6821011346561411,0.44418004092459684,-1.0289878907335661
-0.3876949173228661,-0.4791411204508302,-0.9605342805384832,-0.27288841145490766,-0.9738466679267918,-0.4260549206435097,-0.7398591806517294,1.9756790205581938,-0.7409224454788714,-0.3135094292492154,0.21639530616903502,0.3210568732387473,-0.27456299806635787
-0.3288919327234063,0.3902638319953202,-1.0232120291105042,-0.27288841145490766,0.7699628659638598,1.2561989905471183,0.8395447446097325,-0.8823200218766901,-0.5077973146584166,-0.8437357376393062,-2.389244372223976,0.34565963765199437,-0.6237539483866086
-0.36247299893717455,0.8249663082183953,-0.8799486038030272,-0.27288841145490766,-1.092936099509568,-0.31174068674548955,-0.1315504762586839,1.1875975882109402,-0.39123474924818913,-0.6268249751160871,-0.7719507787386584,0.4192492396525068,-0.0058440362972758736
-0.31986196809795636,-0.4791411204508302,-0.40091152543115005,-0.27288841145490766,-0.15723342278775473,-0.5177885651295764,-0.25247931508380733,0.42248914068740057,-0.624359880068644,-0.5846478824032391,1.2047413910767284,0.44418004092459684,-0.6007619516577032
-0.3624905625526463,-0.4791411204508302,-0.1382619123674418,-0.27288841145490766,-0.1061950949665649,-0.8621425536618857,0.3301778174372427,0.06427030780228539,-0.624359880068644,-0.602723779280174,0.03669601800399886,0.43893145118310456,-0.1351740178973688
-0.38480881870308686,-0.4791411204508302,-1.1067823605398661,-0.27288841145490766,-0.5740464333274717,0.9753529097359303,0.6453257004360493,-0.1815735154748042,-0.8574850108890988,-0.8075839438854363,-0.232852914243553,0.44418004092459684,-0.9973738952313214
2.1693374686598537,-0.4791411204508302,1.0854465121339265,-0.27288841145490766,1.2208014283843691,-1.8570997746261413,0.7625900289937451,-1.0757347018751189,1.7068914281359044,1.5784344438699722,0.8453428147466576,0.44418004092459684,2.809238563198079
-0.3660803389277781,0.3902638319953202,-0.5770061523715909,3.664501525251617,-0.786706132582429,1.9406731070969954,-0.618930341826606,0.26228898066927064,-0.7409224454788714,-1.0907729949574165,0.12654566208651774,0.3771511761009505,-0.8421779173112098
-0.16344040870644225,-0.4791411204508302,1.3063109594829534,-0.27288841145490766,0.4126945712155309,2.2765593745998225,1.0081122169114203,-0.8279177387972194,-0.5077973146584166,-0.006219182341321825,-1.6255223975225765,0.14238613078876688,-1.2560338584315072
-0.3837244070897658,-0.4791411204508302,-1.1321519254380652,-0.27288841145490766,-0.8207316844632222,-0.6321027990275965,-1.5717030113578825,0.6607222818756525,-0.624359880068644,0.1564638895510924,-0.6371763126148832,0.28606627496212944,-0.3550349866175266
-0.36412681163272537,-0.4791411204508302,-0.1696007866534526,-0.27288841145490766,0.24256681181156475,-0.418998486452274,-0.12422145572382783,-0.6572881255462373,-0.39123474924818913,-0.07852276984906148,0.3960945943340696,0.44418004092459684,0.06887995307166661
-0.280608987223291,-0.4791411204508302,1.651038576629071,-0.27288841145490766,0.5743159426492987,-0.7887556380730334,1.088731442794836,-0.6869322020774514,-0.624359880068644,0.19864098226394053,1.2945910351592456,-1.0225821005833842,0.6997228633210084
-0.3827204481666702,0.9553770510853179,-1.2903386242150714,-0.27288841145490766,-0.718655028820843,1.5582143739320122,0.11763622192641959,-0.3330824644655578,-0.2746721838379617,-1.096798293916395,0.03669601800399886,0.44418004092459684,-0.8579849150623323
0.2537305859788534,-0.4791411204508302,1.0854465121339265,-0.27288841145490766,0.22555403587116812,-0.2849262368187931,0.4071325330532302,-0.1232249527937139,1.7068914281359044,1.5784344438699722,0.8453428147466576,0.3980361894473072,0.36490191095632374
-0.3373451308794931,-0.4791411204508302,-0.1382619123674418,-0.27288841145490766,-0.1061950949665649,-0.28633752365703946,-0.36241462310664696,0.09100165415135178,-0.624359880068644,-0.602723779280174,0.03669601800399886,0.4368538844104304,0.041576956956091524
-0.37676694908998387,0.8249663082183953,-0.8799486038030272,-0.27288841145490766,-1.092936099509568,0.10882279105216745,-2.23131485949492,1.5161723445648414,-0.39123474924818913,-0.6268249751160871,-0.7719507787386584,0.20154211100017386,-1.0419208888935754
-0.3896813055758983,2.781127451222234,-1.0187350470696457,-0.27288841145490766,-1.2460510829731375,-0.6038770622626537,-0.7728397730585813,1.6496881377529724,-0.7409224454788714,0.39145054895124626,1.2496662131179879,0.44418004092459684,0.33903591463630517
0.08723204385247596,-0.4791411204508302,1.0854465121339265,3.664501525251617,1.8162485862982507,-0.7238364435136632,0.7442674776566051,-0.8942528197196827,1.7068914281359044,1.5784344438699722,0.8453428147466576,-0.03540984670429829,0.3160439179073998
-0.38116805118626285,0.4337340796176277,-0.7739933621693722,-0.27288841145490766,-0.9993658318373867,-0.4980305493941156,-0.842465468139713,1.4124415664651255,-0.624359880068644,-0.9702670157778506,-0.6821011346561411,0.4295277278962633,0.14504094223616568
0.02725739613057729,-0.4791411204508302,1.0854465121339265,-0.27288841145490766,1.3313844719969472,0.08483091480196632,0.7222804160520374,-0.5830604854205348,1.7068914281359044,1.5784344438699722,0.8453428147466576,0.38436798699550323,0.31748091770295633
-0.38165076732761577,-0.4791411204508302,-1.0112734103348813,-0.27288841145490766,-0.39541228595330735,-0.6448043805718215,0.00037189336872392833,-0.5197320937183529,-0.5077973146584166,-0.6509261709520004,-0.7719507787386584,0.404050198526101,-0.402455979870894
0.8180382197217522,-0.4791411204508302,1.0854465121339265,-0.27288841145490766,1.5610569471923015,0.2019677223764805,0.9568090731674281,-0.8551658598560217,1.7068914281359044,1.5784344438699722,0.8453428147466576,-3.4249053635124396,1.6582017269572524
-0.3817380188367336,1.4770200225530081,-1.1023053784990076,-0.27288841145490766,-1.0163786077777832,1.2265619669439265,-1.0916521663248162,0.3563419778412051,-0.5077973146584166,-0.036345677136213346,-1.4008982873162825,0.44418004092459684,-1.0131808929824437
-0.38609266233724854,-0.4791411204508302,0.16468053906399435,-0.27288841145490766,0.14049015616918506,-0.27645851578930974,0.29353271476296283,-0.7144152207315881,-0.9740475762993263,-0.7895080470085014,1.2047413910767284,0.44418004092459684,-0.482927968422063
0.2683933720565697,-0.4791411204508302,1.0854465121339265,-0.27288841145490766,1.3313844719969472,0.2781772116418281,0.7772480700634572,-0.47289351320865336,1.7068914281359044,1.5784344438699722,0.8453428147466576,0.4105015900833522,-0.309050993159716
-0.38229892139534793,1.4770200225530081,-1.1023053784990076,-0.27288841145490766,-1.0163786077777832,0.6578133711303172,-1.0110329404414005,-0.00920566001834663,-0.5077973146584166,-0.036345677136213346,-1.4008982873162825,0.41104831818142445,-0.827807919355644
-0.11365719050409384,-0.4791411204508302,1.3063109594829534,-0.27288841145490766,0.4126945712155309,0.12152437259639248,0.9714671142371404,-0.7261601004983131,-0.5077973146584166,-0.006219182341321825,-1.6255223975225765,-0.28690477181749025,-0.16104001421738734
-0.3737210782262356,0.6076150701068578,-0.8501020568639694,-0.27288841145490766,-0.8802764002546104,-0.24117634483313125,-1.4471096622653308,1.8822837366531957,-0.15810961842773427,-0.72322975845974,0.6207187045403636,0.3761670655244209,-0.8019419230356254
-0.36245543532170277,-0.4791411204508302,-0.5844677891063553,-0.27288841145490766,-0.9228083401056019,-1.29399632616552,0.9751316245045681,0.9686260498401177,-0.7409224454788714,-1.0305200053676336,-0.18792809220229514,0.44418004092459684,2.6396725873224014
-0.38776743805771724,1.9117224987760832,-0.1696007866534526,-0.27288841145490766,-0.6165783731784633,0.7876517602490565,-1.4874192752070385,1.2483421063644424,-0.5077973146584166,-0.20505404798760588,-0.3227025583260703,0.3465344026089103,-1.1252668770358576
-0.3537778761421702,-0.4791411204508302,-0.6904230307400104,-0.27288841145490766,-0.42093144986390224,-0.3244422682897133,-0.2634728458860912,-0.07342666258279956,-0.15810961842773427,-0.5846478824032391,-0.4125522024085892,0.22384861740151807,-0.22426800522187712
-0.38190685617255893,0.4772043272399352,-0.7411621605364086,-0.27288841145490766,-1.067416935598973,0.9047885678235719,-2.2679599621691997,2.3952531053446813,-0.2746721838379617,-0.44606600634673804,0.35116977229281177,0.32597742612139663,-1.2804628549559691
-0.29467461037496734,-0.4791411204508302,-0.40091152543115005,-0.27288841145490766,-0.15723342278775473,-0.4952079757176216,0.7515964981914611,0.0958875241343093,-0.624359880068644,-0.5846478824032391,1.2047413910767284,0.3963960051530903,0.1996469344673161
-0.3606979406380445,-0.4791411204508302,-0.1382619123674418,-0.27288841145490766,-0.1061950949665649,-0.07041063740522294,0.5170678410760698,-0.2562239712721089,-0.624359880068644,-0.602723779280174,0.03669601800399886,0.40579972843993156,-0.6524939442977402
0.3794430135703528,-0.4791411204508302,1.0854465121339265,-0.27288841145490766,1.3313844719969472,-0.331498702480949,0.5757000053549179,-0.5124032887439167,1.7068914281359044,1.5784344438699722,0.8453428147466576,0.44418004092459684,0.32466591668073913
-0.24692197274845107,-0.4791411204508302,1.3063109594829534,3.664501525251617,0.4126945712155309,-0.09299122681717768,0.8761898472840124,-0.9441920484877979,-0.5077973146584166,-0.006219182341321825,-1.6255223975225765,-0.1898058615998753,-0.9973738952313214
-0.37935956536091237,1.2596687844414705,-0.6590841564539998,3.664501525251617,-0.9313147280758002,1.3422874876801956,-0.7215366293145895,0.4599318173837205,-0.624359880068644,-0.9039887272290892,-0.3227025583260703,0.36053064191955714,-0.918338906475709
0.7381226361887522,-0.4791411204508302,1.0854465121339265,-0.27288841145490766,1.5610569471923015,0.23866118017090793,1.1473636070736837,-0.8596289141673773,1.7068914281359044,1.5784344438699722,0.8453428147466576,0.33297554577672067,0.9210208318367232
-0.36247299893717455,1.4770200225530081,-1.1023053784990076,-0.27288841145490766,-1.0163786077777832,0.5971280370856887,-1.3884774979864831,1.255107157110076,-0.5077973146584166,-0.036345677136213346,-1.4008982873162825,0.3655605404218208,-1.113770878671405
1.513784019699945,-0.4791411204508302,1.0854465121339265,-0.27288841145490766,1.2208014283843691,-1.4661733204316747,1.0777379119925516,-1.119096797973868,1.7068914281359044,1.5784344438699722,0.8453428147466576,0.44418004092459684,2.6396725873224014
-0.38185699816734875,-0.4791411204508302,0.46165368110761906,-0.27288841145490766,-1.0163786077777832,-0.26657950792158003,-1.8428767711475533,0.7960702763073925,-0.624359880068644,-0.6931032636648485,-1.0414997109862119,0.44418004092459684,-0.5547779581998924
2.8558708690389865,-0.4791411204508302,1.0854465121339265,-0.27288841145490766,0.3446434674539444,-1.6383503146978295,1.1473636070736837,-1.0423792433376198,1.7068914281359044,1.5784344438699722,0.8453428147466576,-1.5888830645665237,1.0977718066901831
-0.38834080511763414,1.9117224987760832,-1.0515662487026094,-0.27288841145490766,-0.6165783731784633,0.5364427030410601,-0.45036286952491855,0.903841293046862,-0.5077973146584166,-0.20505404798760588,-0.3227025583260703,0.44418004092459684,-0.7559579295778146
-0.32192654276825,0.3902638319953202,-1.0232120291105042,-0.27288841145490766,0.7699628659638598,3.3703066742413808,0.6673127620406176,-0.9429705809920587,-0.5077973146584166,-0.8437357376393062,-2.389244372223976,0.36545119480220645,-1.0519798874624717
-0.335361008899425,-0.4791411204508302,-0.1382619123674418,-0.27288841145490766,-0.1061950949665649,0.4503542059079828,0.5060743102737859,-0.2305261743425144,-0.624359880068644,-0.602723779280174,0.03669601800399886,0.44418004092459684,-1.1353258756047537
-0.08142625640868718,-0.4791411204508302,1.3063109594829534,-0.27288841145490766,2.6753937712882787,-1.0145615321925796,0.9604735834348564,-1.0723051969832351,-0.5077973146584166,-0.006219182341321825,-1.6255223975225765,-0.04842197543841559,1.2946407786814358
-0.352688931982921,-0.4791411204508302,1.651038576629071,-0.27288841145490766,0.5743159426492987,0.20055643553823413,1.107053994131976,-0.7938106079546497,-0.624359880068644,0.19864098226394053,1.2945910351592456,0.4238417556763131,0.022895959613855776
-0.22166889310950316,-0.4791411204508302,1.3063109594829534,-0.27288841145490766,2.6753937712882787,-1.2869398919742843,1.1473636070736837,-1.0413456939181478,-0.5077973146584166,-0.006219182341321825,-1.6255223975225765,-0.16050123554320767,0.12061194571170368
0.09164221104061135,-0.4791411204508302,-0.1696007866534526,-0.27288841145490766,1.8162485862982507,-0.2877488104952871,0.46210018706465,-0.6103086064793369,1.7068914281359044,1.5784344438699722,0.8453428147466576,0.37682313924210753,0.03295495818275193
-0.38344905492462783,-0.4791411204508302,-1.1843833825814163,-0.27288841145490766,-0.9483275040161968,1.552569226579024,-0.22682774321181134,-0.14704356896063236,-0.8574850108890988,-0.7714321501315665,-0.14300327016103573,0.44418004092459684,-0.8982209093379168
0.5455698869306183,-0.4791411204508302,1.0854465121339265,3.664501525251617,0.9485970133380243,-0.6222237911598668,0.7662545392611728,-1.2583910720072276,1.7068914281359044,1.5784344438699722,0.8453428147466576,-0.0918321864253451,-0.5116679643331946
-0.38311931220835155,-0.4791411204508302,-0.9456110070689542,-0.27288841145490766,-0.9143019521354036,-0.2750472289510621,-0.4357048284552067,-0.028467262835775956,-0.7409224454788714,-0.9461658199419374,0.0816208400452583,0.4250445574920714,-0.14523301646626496
0.4872110918321216,-0.4791411204508302,-0.1696007866534526,-0.27288841145490766,1.3313844719969472,-0.02101559806657175,0.5500484334829219,-0.4815847242360299,1.7068914281359044,1.5784344438699722,0.8453428147466576,-0.9192504900477468,0.5445268854008971
-0.3860733990170537,-0.4791411204508302,-1.1321519254380652,-0.27288841145490766,-0.8207316844632222,-0.24258763167137762,-1.3371743542424912,0.9703173125265259,-0.624359880068644,0.1564638895510924,-0.6371763126148832,0.1344039005569132,-0.4814909686265064
-0.3584124043537513,-0.4791411204508302,-0.035291325427692616,-0.27288841145490766,-0.5740464333274717,-1.275649597268307,-2.1580246541463604,-0.10368147286188341,-0.624359880068644,-0.7654068511725882,0.12654566208651774,-0.08035089636582969,2.458610613082272
0.03653438450911386,-0.4791411204508302,-0.1696007866534526,-0.27288841145490766,0.8380139697254463,-0.5135547046148347,0.5866935361572018,-0.44005482938088997,1.7068914281359044,1.5784344438699722,0.8453428147466576,-3.655077892800817,0.6767308665921029
-0.38310344829760284,-0.4791411204508302,2.2121536590833566,-0.27288841145490766,0.20854125993077152,-0.44016778902598236,0.5647064745526336,-0.7567437674108655,-0.8574850108890988,-1.3016584585216573,0.35116977229281177,0.2339084144060459,0.2628749254718059
-0.38585017113009,-0.4791411204508302,0.16468053906399435,-0.27288841145490766,0.14049015616918506,-0.4034743312315549,0.29719722503039114,-0.6122347667610799,-0.9740475762993263,-0.7895080470085014,1.2047413910767284,0.44418004092459684,-0.6553679438888536
-0.24937747950505165,-0.4791411204508302,-0.40091152543115005,-0.27288841145490766,-0.15723342278775473,-1.0526662768252535,1.0777379119925516,-0.004836564745125065,-0.624359880068644,-0.5846478824032391,1.2047413910767284,0.22188039624845823,1.2328497874725024
-0.3769686473837886,1.4770200225530081,-1.1023053784990076,-0.27288841145490766,-1.0163786077777832,0.3388625456864567,-1.4507741725327588,0.3563419778412051,-0.5077973146584166,-0.036345677136213346,-1.4008982873162825,0.2904400997467064,-1.1324518760136406
-0.3732326964024725,-0.4791411204508302,-0.0024601237947289864,-0.27288841145490766,-1.2205319190625428,-0.5008531230706097,-1.8758573635544054,0.6948763922372891,-0.624359880068644,-0.5966984803211957,0.3960945943340696,0.22592618417419222,-0.3679679847775359
-0.3718230746188033,-0.4791411204508302,-0.33823377685912875,-0.27288841145490766,-0.31034840625132426,-0.677263977851506,0.8505382754120169,-0.7503545528177671,-0.5077973146584166,-0.12069986256190961,1.159816569035469,0.4307305297120222,0.8937178357211479
-0.35732346019450206,0.3902638319953202,-0.5770061523715909,-0.27288841145490766,-0.786706132582429,-0.6490382410865632,-0.9743878377671206,0.2916511800860834,-0.7409224454788714,-1.0907729949574165,0.12654566208651774,0.353969904742691,0.08037595143611932
-0.38952153333192935,2.998478689333772,-1.3157081891132705,-0.27288841145490766,-1.0333913837181798,0.4503542059079828,-1.4287871109281909,2.1308993515552324,-0.624359880068644,-0.7473309542956533,-0.5922514905736237,0.37901005163439605,-0.9269609052490485
0.8734032682346748,-0.4791411204508302,1.0854465121339265,-0.27288841145490766,1.5610569471923015,0.44188648487849946,0.9494800526325721,-0.7908978777725021,1.7068914281359044,1.5784344438699722,0.8453428147466576,-2.694585970107653,1.5561747414727347
-0.36530074102812826,-0.4791411204508302,-0.33823377685912875,-0.27288841145490766,-0.31034840625132426,0.12575823311113415,0.6123451080291977,-0.5137187152777898,-0.5077973146584166,-0.12069986256190961,1.159816569035469,-3.121580614702007,-0.26019300011079183
